Open,High,Low,Adj Close,Volume,Date,Close
0.0180275525512965,0.0186157448257693,0.0108361668987981,0.0124519890842935,0.5584372608632706,01-07-2010,0.0124519890842935
0.0139581280554535,0.0129648950133021,0.0076406222488375,0.006872854255104,0.346170020613155,02-07-2010,0.006872854255104
0.0078539913116891,0.0067529679144907,0.0017411610328881,0.0006266444309681,0.46523684446374747,06-07-2010,0.0006266444309681
0.0005290272191717,0.0,0.0,0.0,0.46901477391022584,07-07-2010,0.0
0.0,0.0017834262354415,0.0012085705992987,0.0033555670103092,0.523456943324164,08-07-2010,0.0033555670103092
0.0029299876717191,0.0025448882669088,0.0032160248005569,0.0032342834040832,0.2710802258484826,09-07-2010,0.0032342834040832
0.0036828332381623,0.0028855423336178,0.0041378179840401,0.0025267818880128,0.14367162347555684,12-07-2010,0.0025267818880128
0.0025433903099018,0.0040277333769711,0.0039329755095826,0.0047301374570446,0.17659751952734495,13-07-2010,0.0047301374570446
0.003662486115683,0.0070535450321751,0.0056946207899166,0.0081665655953102,0.2810489958842627,14-07-2010,0.0081665655953102
0.007731910611526,0.0097587390913349,0.0082346674731887,0.0082676349302607,0.24965357490020845,15-07-2010,0.0082676349302607
0.0092782919199464,0.0093579675972416,0.010385511406567,0.0097837052759247,0.17254382880740113,16-07-2010,0.0097837052759247
0.0106415491260538,0.011261624679757,0.0121676429827715,0.0123509197493429,0.16325067389161166,19-07-2010,0.0123509197493429
0.0116182089703438,0.0104600856992652,0.010385511406567,0.009096420052557,0.11766733538775456,20-07-2010,0.009096420052557
0.0091969013953172,0.0085564306205972,0.0092588798454759,0.0089347058823528,0.07817832102748615,21-07-2010,0.0089347058823528
0.0088713474356498,0.0092577772285275,0.0110410114216803,0.0105114210632705,0.05786160920491087,22-07-2010,0.0105114210632705
0.0102753009214279,0.0098789679345613,0.0124544203985872,0.0110976369516877,0.036889964357854965,23-07-2010,0.0110976369516877
0.0109060596835713,0.0097587390913349,0.0108976175927106,0.0104103517283201,0.05540733387106738,26-07-2010,0.0104103517283201
0.0097055794572976,0.0091175079069415,0.0108156826513524,0.0096017768344451,0.03455288756523448,27-07-2010,0.0096017768344451
0.0089730810133336,0.0085564306205972,0.011327788837496,0.0099454194461289,0.024039489014360035,28-07-2010,0.0099454194461289
0.0094207197425886,0.0085163516677252,0.0102830922177631,0.0091974934303618,0.03429780838727874,29-07-2010,0.0091974934303618
0.0082609357959857,0.0076346627968791,0.0093612990342799,0.0083687103294926,0.02126119418419439,30-07-2010,0.0083687103294926
0.0088713474356498,0.0086966979383358,0.0109590723834726,0.0103497068930665,0.04133661489248726,02-08-2010,0.0103497068930665
0.0098887035596105,0.0106604724482356,0.011962800508314,0.0124317788558721,0.07666163402342545,03-08-2010,0.0124317788558721
0.0118216822298482,0.011121355358171,0.0120242532506513,0.0110369921164341,0.0547730829420967,04-08-2010,0.0110369921164341
0.0109874502082005,0.009858929460049,0.010385511406567,0.009399638164544,0.04672085375690215,05-08-2010,0.009399638164544
0.0080574625364812,0.0070735835066874,0.0092998483403674,0.0076612088134221,0.04297739446960736,06-08-2010,0.0076612088134221
0.0076505200868969,0.0067128909654661,0.0091564606566719,0.0076814230846977,0.04785836900994779,09-08-2010,0.0076814230846977
0.0071418420249165,0.0060516213065603,0.0078659510191654,0.0065292116434202,0.08016380219643834,10-08-2010,0.0065292116434202
0.0051885203016242,0.0045086567652663,0.0058789790169283,0.0042449969678592,0.046817370202615415,11-08-2010,0.0042449969678592
0.0033776223315496,0.0025448882669088,0.0049367015859993,0.0036385688295936,0.03946833226475807,12-08-2010,0.0036385688295936
0.004150815020472,0.0036470063689324,0.0054897783154591,0.0050939963614311,0.035538734117873866,13-08-2010,0.0050939963614311
0.004700189362123,0.0043483489691678,0.0067188331622037,0.0060238548615321,0.02532177893597472,16-08-2010,0.0060238548615321
0.0057378885391385,0.005550659443753,0.0077840160778071,0.0067717808772993,0.02270894086988856,17-08-2010,0.0067717808772993
0.0070197592900413,0.0059313904594866,0.007415297575359,0.0060036385688295,0.033284385707292814,18-08-2010,0.0060036385688295
0.0048833134644359,0.0052500823260685,0.0068622228943239,0.0060440691328077,0.031753910639559,19-08-2010,0.0060440691328077
0.005107129776995,0.0049695456867439,0.0072309393483473,0.0066707095209216,0.012236906510033785,20-08-2010,0.0066707095209216
0.0060024031660806,0.0075344664166227,0.0082346674731887,0.0087527774408732,0.0668445326880516,23-08-2010,0.0087527774408732
0.006327957125748,0.0061718501497866,0.0081322482843848,0.006872854255104,0.038234300565999566,24-08-2010,0.006872854255104
0.006144833023435,0.0067128909654661,0.0073333585371513,0.0082878512229633,0.02652823450738648,25-08-2010,0.0082878512229633
0.0076301709297055,0.0072940067263227,0.0094637223199333,0.0079846371538305,0.0217368823809225,26-08-2010,0.0079846371538305
0.0073453132497087,0.0064924697496783,0.0092588798454759,0.00788356781888,0.018000317125464026,27-08-2010,0.00788356781888
0.0072435796720249,0.0071337009340717,0.0094842086158039,0.0082272104305639,0.04235003757247329,30-08-2010,0.0082272104305639
0.0071621891473957,0.00633216195358,0.0089106476388983,0.0074388518293914,0.005694470297063417,31-08-2010,0.0074388518293914
0.0070808026921912,0.0081356246596865,0.0094637223199333,0.009399638164544,0.025949135833108893,01-09-2010,0.009399638164544
0.0086068368781323,0.0092377387540153,0.0109181018401563,0.0106327046694965,0.025411401349851072,02-09-2010,0.0106327046694965
0.0096241930020931,0.0093579675972416,0.0116350525491822,0.010612490398221,0.021792034635615597,03-09-2010,0.010612490398221
0.0090951678176334,0.0087568153657201,0.0113073045900503,0.0095815666060237,0.008610645763961696,07-09-2010,0.0095815666060237
0.0091969013953172,0.0086566249970061,0.0115121470645077,0.0103092783505154,0.01171296009044939,08-09-2010,0.0103092783505154
0.0098887035596105,0.0088570057344341,0.0116965073399442,0.0099252051748533,0.017765920043018423,09-09-2010,0.0099252051748533
0.0093800254976302,0.0086165460441341,0.0097914702790653,0.0088336365474024,0.01848289935402885,10-09-2010,0.0088336365474024
0.0096648831776269,0.0085564306205972,0.0113073045900503,0.0099454194461289,0.016704239140175912,13-09-2010,0.0099454194461289
0.008952737960279,0.0099591238364579,0.0113687593808122,0.010753994340004,0.0369657987080581,14-09-2010,0.010753994340004
0.0098480093146522,0.0107606628169497,0.0119013498144015,0.0124924196482715,0.03902711422721322,15-09-2010,0.0124924196482715
0.0122286226447202,0.0130851258603758,0.0120037690032056,0.0103901374570445,0.17690085692815677,16-09-2010,0.0103901374570445
0.009929397804569,0.0093980465501136,0.0098734052204235,0.0089549221750555,0.07445554383570109,17-09-2010,0.0089549221750555
0.0092172485177965,0.0094581619736505,0.0106108401768949,0.0106327046694965,0.05715152392573706,20-09-2010,0.0106327046694965
0.0096648831776269,0.009858929460049,0.0116555367966279,0.0100464928239336,0.04670706569322903,21-09-2010,0.0100464928239336
0.0096241930020931,0.0086566249970061,0.0098734052204235,0.0082272104305639,0.05821320482857967,22-09-2010,0.0082272104305639
0.0076301709297055,0.0070335045538153,0.0092588798454759,0.0076005639781685,0.037889598974167674,23-09-2010,0.0076005639781685
0.0077522577340052,0.0071337009340717,0.0095661435571621,0.0086921366484737,0.03174012257588558,24-09-2010,0.0086921366484737
0.0086678762108577,0.0083760823461391,0.010385511406567,0.0095613523347482,0.020688989541753213,27-09-2010,0.0095613523347482
0.0099700940842397,0.0097387006168226,0.0118398950236396,0.0113199919142914,0.07555858892956328,28-09-2010,0.0113199919142914
0.0102753009214279,0.010820780244334,0.0125978101307073,0.0124924196482715,0.1275947412325146,29-09-2010,0.0124924196482715
0.011923415807532,0.0110612399346341,0.0106722949676569,0.0093187790580149,0.14320972334250207,30-09-2010,0.0093187790580149
0.0092579447974672,0.0082558535029128,0.0109181018401563,0.0097028502122497,0.03303620056117379,01-10-2010,0.0097028502122497
0.0087289175782953,0.0090974694324292,0.0108976175927106,0.0104912067919951,0.0362005611741913,04-10-2010,0.0104912067919951
0.0101939103967987,0.0093178946559119,0.0123520012097831,0.010753994340004,0.014718757971223921,05-10-2010,0.010753994340004
0.0100107842597736,0.0092778157030398,0.0109385881360269,0.0094198483929653,0.013436468049609034,06-10-2010,0.0094198483929653
0.0090137772930043,0.0080354282794301,0.0109795566309183,0.009359207600566,0.0015511571632434453,07-10-2010,0.009359207600566
0.0087289175782953,0.0083360094048094,0.0110819758197224,0.009359207600566,0.010292789532101868,08-10-2010,0.009359207600566
0.0087492667354867,0.0081556631341988,0.0104264819498833,0.008975136446331,0.003633154777908197,11-10-2010,0.008975136446331
0.0082609357959857,0.0073140472046824,0.0103445470085251,0.008975136446331,0.008652009954981565,12-10-2010,0.008975136446331
0.0091562051156466,0.0084562382480358,0.0110205271742346,0.0095815666060237,0.013767381577767697,13-10-2010,0.0095815666060237
0.0098887035596105,0.0088169327931045,0.0111024621155928,0.0100060642813826,0.012154178127994244,14-10-2010,0.0100060642813826
0.0096648831776269,0.0085564306205972,0.0107951984039067,0.0095815666060237,0.011457880912493756,15-10-2010,0.0095815666060237
0.0089120416806083,0.0080354282794301,0.0107337436131447,0.0089549221750555,0.0030540561036308113,18-10-2010,0.0089549221750555
0.0082609357959857,0.0075745453694948,0.0102830922177631,0.008591063270669,0.008734738337021207,19-10-2010,0.008591063270669
0.0081795452713565,0.0081356246596865,0.0103650312559708,0.0098039215686273,0.013374421763079227,20-10-2010,0.0098039215686273
0.0090951678176334,0.0086566249970061,0.0112048854012463,0.0100060642813826,0.020585579064203836,21-10-2010,0.0100060642813826
0.0092375956402757,0.0086165460441341,0.0114097237788542,0.0099454194461289,0.0029368575624078097,22-10-2010,0.0099454194461289
0.0097666228594475,0.0087167384166956,0.0117784422813024,0.0102082069941378,0.0,25-10-2010,0.0102082069941378
0.009481759075314,0.0105001646521372,0.011327788837496,0.0112391368506164,0.03739322868192972,26-10-2010,0.0112391368506164
0.010397381621591,0.0095182753933399,0.0116145683017364,0.0105114210632705,0.016407795771200405,27-10-2010,0.0105114210632705
0.0106822393015877,0.0097587390913349,0.0122495779241297,0.0108954942389326,0.007286991651327036,28-10-2010,0.0108954942389326
0.0101735612396074,0.0104600856992652,0.0124339361511414,0.0122094198504143,0.011175225607191372,29-10-2010,0.0122094198504143
0.011801335107369,0.0122635484053717,0.0129665265847307,0.011340206185567,0.023253569384983092,01-11-2010,0.011340206185567
0.0112723078881972,0.0105201991189546,0.0124339361511414,0.0110167778451586,0.014063824946743204,02-11-2010,0.0110167778451586
0.0104584250237408,0.0117625865425644,0.0126592649214693,0.0120679199514856,0.0175177348968994,03-11-2010,0.0120679199514856
0.0131442431562849,0.0174334748295438,0.0146872054185979,0.0183949868607236,0.12102472889219779,04-11-2010,0.0183949868607236
0.017763041993779,0.0167120877432537,0.0179032302191549,0.0174651324034768,0.06152923414200293,05-11-2010,0.0174651324034768
0.0170101964273357,0.016772205170638,0.0185382459868224,0.0185567010309278,0.02695566448125831,08-11-2010,0.0185567010309278
0.0180275525512965,0.0181548619158339,0.0185792103848644,0.0178491995148573,0.057765092759197896,09-11-2010,0.0178491995148573
0.0169695021823774,0.0267313249994012,0.0185792103848644,0.0274105538710328,0.2028224166339197,10-11-2010,0.0274105538710328
0.0253525166438139,0.024987979720679,0.025298045595493,0.0247422700626641,0.12594017359172116,11-11-2010,0.0247422700626641
0.0246403673570413,0.0277933661524002,0.026813879906478,0.0283808368708307,0.17997559512729802,12-11-2010,0.0283808368708307
0.0286487484507344,0.0326827519295528,0.031217991058888,0.0303214048918536,0.17265413331678733,15-11-2010,0.0303214048918536
0.0302358260388254,0.0295968288585068,0.027530828567079,0.0280371942591469,0.08473454530412995,16-11-2010,0.0280371942591469
0.0286080582752005,0.0282943280152075,0.0279200313169729,0.0276733373761875,0.04353581104837501,17-11-2010,0.0276733373761875
0.0295643709970113,0.0282742895406952,0.0285550409393662,0.0284819062057811,0.05774441066368816,18-11-2010,0.0284819062057811
0.0285266677505713,0.0295367154388173,0.0301528142885589,0.0307054780675156,0.07114640855411435,19-11-2010,0.0307054780675156
0.0313956120201406,0.0337047181373746,0.033839976780368,0.0355771214877703,0.09728857727864947,22-11-2010,0.0355771214877703
0.0348953191212778,0.038173295949769,0.0352533878056995,0.0379421871841519,0.10060460659207293,23-11-2010,0.0379421871841519
0.0389240473374502,0.0387544137144729,0.0396370229043629,0.0397614736203759,0.09007052594568835,24-11-2010,0.0397614736203759
0.0395954983098398,0.0388145271341623,0.0404973572002346,0.0394582575298159,0.01600104789283871,26-11-2010,0.0394582575298159
0.0392089070521591,0.0387143367654483,0.0375885981597885,0.0374570487163937,0.07080860099411887,29-11-2010,0.0374570487163937
0.0358109416675547,0.0374719533495335,0.037752468042505,0.0394784758439458,0.1450573238747213,30-11-2010,0.0394784758439458
0.0401448726514908,0.0396561390559838,0.0378344070807127,0.0374974691732362,0.08139783389519664,01-12-2010,0.0374974691732362
0.0363603058356446,0.0354079844632248,0.0332254514054205,0.0334546149181321,0.13019379123492764,02-12-2010,0.0334546149181321
0.0322908813398016,0.0313000991920518,0.0325494712397109,0.0317161916312916,0.07180823561043168,03-12-2010,0.0317161916312916
0.0309479753255979,0.0296970232349157,0.0298660307274691,0.0293309055993531,0.07968811399970992,06-12-2010,0.0293309055993531
0.0291981227923855,0.0316006803174311,0.0308697588523105,0.0318576895087932,0.08223201174742986,07-12-2010,0.0318576895087932
0.0332472001657492,0.0317810265880418,0.0338809452752595,0.0334950454821103,0.03733118239539992,08-12-2010,0.0334950454821103
0.0333082374637623,0.0322419094979771,0.0341472404920542,0.0328481888012936,0.019820341530336932,09-12-2010,0.0328481888012936
0.0323722718644307,0.0326426729766806,0.0330820575764508,0.0317768344451181,0.021433544980110283,10-12-2010,0.0317768344451181
0.0315380398427829,0.0303382524154617,0.0315867095613362,0.0298160481099655,0.02012367893114905,13-12-2010,0.0298160481099655
0.0287911823775134,0.0275729409289176,0.0261788682356599,0.0257327693551646,0.11355849241311744,14-12-2010,0.0257327693551646
0.0254949465011683,0.0267313249994012,0.0277561573374069,0.0278956943602182,0.043046334787973574,15-12-2010,0.0278956943602182
0.0282011137909039,0.0286149436074043,0.0300503910029054,0.030341619163129,0.04630031781486723,16-12-2010,0.030341619163129
0.0309276282031187,0.0298773695055263,0.0322217191837295,0.031453408126137,0.04787905110545763,17-12-2010,0.031453408126137
0.0315380398427829,0.0311798663411306,0.0333483548416701,0.0321406933495046,0.027913934906550947,20-12-2010,0.0321406933495046
0.0318635938024503,0.0321817900667453,0.0342701439283038,0.0332726864766525,0.045445457867124076,21-12-2010,0.0332726864766525
0.0327792163487273,0.0325224481411492,0.0342496637777076,0.0340206205781281,0.04927853956829532,22-12-2010,0.0340206205781281
0.030764851223285,0.0317609841058345,0.0306034656839405,0.0288861936527187,0.09886731056923986,23-12-2010,0.0288861936527187
0.0241723835400194,0.0239459790460397,0.0206481193768845,0.0197089124722052,0.6331065196859079,27-12-2010,0.0197089124722052
0.0197570579620298,0.0202789382102896,0.0205252159406347,0.0214473418233271,0.2714731856631713,28-12-2010,0.0214473418233271
0.0221580204492894,0.0228037859988388,0.0235978530574963,0.0241156256316959,0.22065727699530466,29-12-2010,0.0241156256316959
0.0235212776553968,0.0225833627792036,0.0233520400397226,0.0216292702648069,0.13254465609122135,30-12-2010,0.0216292702648069
0.0212220507805332,0.0212808619359045,0.0235978530574963,0.0218920537699615,0.08958104968528711,31-12-2010,0.0218920537699615
0.021771423087472,0.020779900073097,0.0223687982107516,0.0218718435415403,0.08028100073766113,03-01-2011,0.0218718435415403
0.0214051748828461,0.020679709704383,0.0226146091801006,0.0219729128764907,0.07369030630183418,04-01-2011,0.0219729128764907
0.0210389266782203,0.0205795153279741,0.022962843435103,0.022296341216899,0.09156653085423909,05-01-2011,0.022296341216899
0.0217510759649928,0.0227837475243265,0.0242328626798896,0.0244188376794015,0.133930356490386,06-01-2011,0.0244188376794015
0.0241316892950609,0.0239459790460397,0.0264656476999003,0.0251465534667474,0.1468015139293911,07-01-2011,0.0251465534667474
0.0244775903772076,0.0241463637911626,0.0267729093631618,0.0255710551849604,0.08439673774413466,10-01-2011,0.0255710551849604
0.0253321695213347,0.024206477210852,0.0244581914502175,0.0225591247220536,0.10973230474378291,11-01-2011,0.0225591247220536
0.0221173241696187,0.0215814390535888,0.0236388215523878,0.0225591247220536,0.05831661530612904,12-01-2011,0.0225591247220536
0.0220155865225104,0.0207197826457127,0.022901388644341,0.0210632686476652,0.041715786643502305,13-01-2011,0.0210632686476652
0.0203674716364062,0.0199382841435807,0.0217747570832499,0.0201131999191429,0.07400743176631963,14-01-2011,0.0201131999191429
0.0190042144302988,0.0180546655355775,0.0200131097544912,0.019890840913685,0.1036310865683575,18-01-2011,0.019890840913685
0.0185769248582353,0.0177140114688684,0.0179646850099169,0.0166363472811804,0.15532253727947692,19-01-2011,0.0166363472811804
0.0160538837055249,0.0156700910763093,0.015137860910829,0.0137861350313321,0.14900760411711556,20-01-2011,0.0137861350313321
0.0142022955599163,0.0139467802644045,0.0158343212271348,0.0146351344249039,0.07573093972547938,21-01-2011,0.0146351344249039
0.0150365275815642,0.016391472151057,0.0168995041427382,0.0175662017384273,0.10524429001813096,24-01-2011,0.0175662017384273
0.017315403264524,0.0165517799471554,0.0185177596909519,0.0179502728926621,0.07948818707644759,25-01-2011,0.0179502728926621
0.017437483964687,0.0165317414726431,0.0186816336705179,0.0180917727915908,0.06627922207744724,26-01-2011,0.0180917727915908
0.0174985273668369,0.0169325129667365,0.0195624583591096,0.0184354154032747,0.05358041543435806,27-01-2011,0.0184354154032747
0.0177833850468336,0.0165317414726431,0.0179646850099169,0.0165959167172023,0.06410760204890593,28-01-2011,0.0165959167172023
0.0160945738810588,0.0150088214174036,0.0174525788237733,0.0167778451586819,0.04907171861319617,31-01-2011,0.0167778451586819
0.0166235990655185,0.0162311663588061,0.017534517861981,0.0163937740044471,0.040626529613313346,01-02-2011,0.0163937740044471
0.0163183942630424,0.01512905026063,0.0178008110303509,0.0164544188397008,0.031092083583241573,02-02-2011,0.0164544188397008
0.0156265920987491,0.0145679729742857,0.0167356301631723,0.0158277723873054,0.027128015277174004,03-02-2011,0.0158277723873054
0.0148534034792512,0.0141070880605028,0.0168790178468678,0.0154841297756215,0.029334105464898872,04-02-2011,0.0154841297756215
0.0144871532399132,0.0132855106054988,0.0161825534337124,0.0146957752173033,0.05353905124333819,07-02-2011,0.0146957752173033
0.0155452056435445,0.0172731670334455,0.0164283664514861,0.0175662017384273,0.2334594941159435,08-02-2011,0.0175662017384273
0.0162573508608926,0.01512905026063,0.0159981993035502,0.0149787729937335,0.1735296753600406,09-02-2011,0.0149787729937335
0.0144871532399132,0.0140469706331185,0.0160391637015923,0.014998987265009,0.04947157245972114,10-02-2011,0.014998987265009
0.0144668061174339,0.0142673958566013,0.0163054630152364,0.0150596321002627,0.035573204277056916,11-02-2011,0.0150596321002627
0.0152603418594111,0.0150488943587332,0.0165307856402901,0.0147159894885789,0.08028789476949764,14-02-2011,0.0147159894885789
0.0139784751779327,0.0131051643348881,0.0155270575154487,0.0142308469779663,0.05757895389960868,15-02-2011,0.0142308469779663
0.0141615992802456,0.0167120877432537,0.0165717561836064,0.0180513442490397,0.2755268763831149,16-02-2011,0.0180513442490397
0.0172747069848533,0.0177540904217406,0.0175549980125772,0.0157671315949059,0.17234390188413848,17-02-2011,0.0157671315949059
0.0146295830972676,0.0137463955192816,0.0163464274132784,0.014918132201334,0.15526738502478385,18-02-2011,0.014918132201334
0.0137139605509907,0.0127645102681791,0.0139292903115302,0.012270064685668,0.1341647535728316,22-02-2011,0.012270064685668
0.0122896640121579,0.0117625865425644,0.0125568457326653,0.0121892055791388,0.10252114744265839,23-02-2011,0.0121892055791388
0.0114757811477015,0.0119228943386628,0.0133557293346245,0.0136042065898524,0.06458329024563404,24-02-2011,0.0136042065898524
0.0135715306936362,0.0144677806017242,0.0157933568290928,0.0157873478876085,0.08464492289025348,25-02-2011,0.0157873478876085
0.0154638151189154,0.0149687424645315,0.0174525788237733,0.0163533434404689,0.06430063494033185,28-02-2011,0.0163533434404689
0.0160945738810588,0.0154095889038021,0.0178622658211128,0.0164544188397008,0.06810614051415656,01-03-2011,0.0164544188397008
0.0156265920987491,0.0153294370096003,0.0179237165150253,0.0166161309884777,0.03755868544600901,02-03-2011,0.0166161309884777
0.0169695021823774,0.0163513992097274,0.0185996946323101,0.0173034182332726,0.03596616409174529,03-03-2011,0.0173034182332726
0.0169695021823774,0.0167521666961258,0.0180261398006789,0.0184960602385283,0.1007631693243156,04-03-2011,0.0184960602385283
0.0178851226939419,0.0175737441511298,0.0199106905656872,0.0184758459672527,0.13202760370347355,07-03-2011,0.0184758459672527
0.0172136676521279,0.0166920492687414,0.0184767911960604,0.0179098443501111,0.0883401239546921,08-03-2011,0.0179098443501111
0.0173357503870032,0.0167521666961258,0.0190298658770955,0.0180311279563371,0.055586578698819986,09-03-2011,0.0180311279563371
0.0168881157271727,0.015750242970511,0.0179237165150253,0.0165959167172023,0.06194287605220123,10-03-2011,0.0165959167172023
0.0156876334661868,0.015269319582216,0.0175140336145353,0.0167172023448554,0.05600022060901839,11-03-2011,0.0167172023448554
0.0156265920987491,0.0147683577194086,0.0168380534488257,0.0150596321002627,0.07221498348879328,14-03-2011,0.0150596321002627
0.0123303602918286,0.0126843543662825,0.0139702547095721,0.0144532059834242,0.08274906413517776,15-03-2011,0.0144532059834242
0.0136732703754568,0.0132654721309865,0.0157933568290928,0.0141904184354153,0.072470062666749,16-03-2011,0.0141904184354153
0.0144464589949547,0.0136261646722078,0.0156909314950146,0.0141702021427126,0.05543490999841412,17-03-2011,0.0141702021427126
0.0143447254172709,0.0131452432877602,0.0154246383266446,0.0144734162118454,0.039254617277822305,18-03-2011,0.0144734162118454
0.0140598616331373,0.0128647006368931,0.0154860931174066,0.0140084899939356,0.020213301345025303,21-03-2011,0.0140084899939356
0.0134087557485147,0.0124839736288544,0.0143799417069118,0.0129169213664847,0.03201588384935125,22-03-2011,0.0129169213664847
0.0121472361895156,0.0113017016287816,0.0139088040156597,0.0129573458661814,0.02097853887889211,23-03-2011,0.0129573458661814
0.0122082734875288,0.0115221228445695,0.0143389732120202,0.0131999191429147,0.02369478742252784,24-03-2011,0.0131999191429147
0.0127983420741382,0.0127645102681791,0.0151993116047414,0.0140489185364866,0.030988673105692196,25-03-2011,0.0140489185364866
0.0133477164157894,0.0138465898956905,0.0155065732680029,0.0150596321002627,0.06477632313705987,28-03-2011,0.0150596321002627
0.0145685396951178,0.0147683577194086,0.0168585335994219,0.0164139882757226,0.043908088767553546,29-03-2011,0.0164139882757226
0.0162166606853586,0.015750242970511,0.0164488506989319,0.0159894865575096,0.07616526373118762,30-03-2011,0.0159894865575096
0.0211813545008625,0.024206477210852,0.0235978530574963,0.0241560541742469,0.7858713711539921,31-03-2011,0.0241560541742469
0.0230125995934164,0.0231444400655479,0.0237412427896164,0.0219526986052152,0.18933079632961708,01-04-2011,0.0219526986052152
0.0217510759649928,0.020779900073097,0.0209963536318868,0.020274914089347,0.17171654498700442,04-04-2011,0.020274914089347
0.0198587935744258,0.020779900073097,0.0219386310628158,0.0220335577117444,0.21112283096523318,05-04-2011,0.0220335577117444
0.0220766299246602,0.0207999385476093,0.0221639536878695,0.0216090559935313,0.08064638442500276,06-04-2011,0.0216090559935313
0.0217917702099513,0.0226635186811002,0.0234954338686923,0.0231251263391953,0.1855735489786489,07-04-2011,0.0231251263391953
0.0232771101509339,0.0219822085438347,0.0233110756416806,0.0216090559935313,0.1260160079419242,08-04-2011,0.0216090559935313
0.0210185775210289,0.0198380937748667,0.0205661844355263,0.0191429148979179,0.0862374442445172,11-04-2011,0.0191429148979179
0.0181903295311302,0.0171930111315488,0.0190913165710079,0.0178896300788355,0.08541016042412039,12-04-2011,0.0178896300788355
0.0182920631088141,0.0181548619158339,0.0201360131907409,0.0184556296745501,0.07535176797446433,13-04-2011,0.0184556296745501
0.017763041993779,0.0173332844608298,0.0188864781934001,0.0188801273499089,0.05962648135509068,14-04-2011,0.0188801273499089
0.0193501155124455,0.0191367451630889,0.0213650700859102,0.019769557307459,0.05687576265227158,15-04-2011,0.019769557307459
0.0182920631088141,0.0180145925942478,0.0192142261525319,0.0186577744087324,0.06310796743259332,18-04-2011,0.0186577744087324
0.0185565777357561,0.0172932055079578,0.0198082672800338,0.0189205579138871,0.029658124961220726,19-04-2011,0.0189205579138871
0.0194518531595538,0.0189563988924782,0.0211397413155823,0.0201131999191429,0.04954740680992437,20-04-2011,0.0201131999191429
0.0197570579620298,0.0207398231240725,0.0217337865399336,0.0221144127754194,0.08738874756123596,21-04-2011,0.0221144127754194
0.0214865654074753,0.020238861261265,0.0225121858944471,0.021406911259349,0.047044873253224505,25-04-2011,0.021406911259349
0.0214051748828461,0.0212808619359045,0.0232086503076024,0.0224984839296543,0.0883470179865288,26-04-2011,0.0224984839296543
0.021954547189785,0.0215012871593871,0.0238641462258662,0.0228016979987871,0.06055717565303677,27-04-2011,0.0228016979987871
0.022239406904494,0.0221625568182928,0.0240485044528778,0.0239741257327672,0.10213508165980674,28-04-2011,0.0239741257327672
0.0235009305329175,0.0225232493595142,0.0254824038225047,0.0238528401051141,0.04188124340758169,29-04-2011,0.0238528401051141
0.0233178043958923,0.0223829760302332,0.0247449688660332,0.0235496280574085,0.04592114606385229,02-05-2011,0.0235496280574085
0.0228701656666373,0.0215613985752291,0.0235978530574963,0.0223772003234282,0.0548351292286263,03-05-2011,0.0223772003234282
0.0216493423873089,0.020779900073097,0.0220615344990655,0.0220133434404689,0.06383873480727707,04-05-2011,0.0220133434404689
0.022503921531436,0.0216615949554855,0.0229218728917868,0.0215079866585808,0.07583435020302895,05-05-2011,0.0215079866585808
0.0218935058223473,0.0221825952928051,0.02384366607527,0.0228825571053162,0.05950928281386768,06-05-2011,0.0228825571053162
0.0220969770471394,0.0227837475243265,0.0243148017180973,0.0244794825146553,0.0550074800245425,09-05-2011,0.0244794825146553
0.0246200202345621,0.0246874046068419,0.0264861319473461,0.0253284819082271,0.09767464306150132,10-05-2011,0.0253284819082271
0.0245386337793575,0.0233848997558479,0.0244581914502175,0.0227814837275115,0.05818562870123292,11-05-2011,0.0227814837275115
0.022239406904494,0.0222627471870069,0.0239051167691825,0.0239943400040427,0.03512509220767535,12-05-2011,0.0239943400040427
0.0241316892950609,0.0231644805439076,0.025236590804731,0.0237517667273094,0.0374345928729495,13-05-2011,0.0237517667273094
0.0241113421725817,0.0227637090498142,0.0237002722463003,0.0218314129775621,0.04392877086306349,16-05-2011,0.0218314129775621
0.0220969770471394,0.020779900073097,0.0220000797083036,0.0205376975945017,0.07691671320138119,17-05-2011,0.0205376975945017
0.0202657360240101,0.019717858920098,0.0215903968078134,0.021326056195674,0.0421225345218639,18-05-2011,0.021326056195674
0.0221580204492894,0.0236654424067149,0.0238026955319537,0.0250656984030725,0.17487401156818522,19-05-2011,0.0250656984030725
0.0246607144795206,0.0233448268145182,0.0253390140903844,0.0246007661208813,0.049912790497266,20-05-2011,0.0246007661208813
0.023358500675563,0.0220222874967067,0.02384366607527,0.0222761269456235,0.05136743121479709,23-05-2011,0.0222761269456235
0.0221376712920979,0.0217818237987118,0.0238026955319537,0.0220739822114412,0.03413924565503597,24-05-2011,0.0220739822114412
0.0218935058223473,0.0248076334500682,0.0229218728917868,0.026642409541136,0.31537438039888843,25-05-2011,0.026642409541136
0.0258001533383566,0.0263105190384904,0.0268753326488152,0.027653123104912,0.22187752063038993,26-05-2011,0.027653123104912
0.0272651481915723,0.0261301727678798,0.0283501984649088,0.0277946209824135,0.10813978338951949,27-05-2011,0.0277946209824135
0.0275703550287605,0.0273525217169772,0.0298455464800232,0.0289872629876692,0.21867868985818936,31-05-2011,0.0289872629876692
0.0282011137909039,0.0269918271719084,0.0274488895288713,0.025712553062462,0.09730236534232278,01-06-2011,0.025712553062462
0.0251897396639801,0.0254288261599494,0.0277151867940907,0.0261976955730745,0.05982640827835302,02-06-2011,0.0261976955730745
0.0280993802132201,0.0297972136036297,0.0297431272912193,0.0289670487163937,0.41989479707417265,03-06-2011,0.0289670487163937
0.0284045850156961,0.0270519405915979,0.0272030806079471,0.0260764119668485,0.15253734841747457,06-06-2011,0.0260764119668485
0.0260443208428193,0.025569093477688,0.0272030806079471,0.0254093410147564,0.07608253534914777,07-06-2011,0.0254093410147564
0.0250269647188586,0.0239860559950643,0.024663033924675,0.0228825571053162,0.10874645819114354,08-06-2011,0.0228825571053162
0.0229719033137456,0.0229841322694494,0.0248269079042409,0.0238932706690923,0.10235569067857922,09-06-2011,0.0238932706690923
0.0231550274160586,0.0233848997558479,0.0253390140903844,0.0243784131797048,0.09983247502636951,10-06-2011,0.0243784131797048
0.0242741191524155,0.024547131277561,0.0264246771565842,0.0255306246209824,0.1099529137625554,13-06-2011,0.0255306246209824
0.0252304359436508,0.0261902901952641,0.0277356710415365,0.0258742672326662,0.10030126919126071,14-06-2011,0.0258742672326662
0.0250269647188586,0.0236854808812272,0.0247654551619037,0.0232868405093995,0.08455530047637723,15-06-2011,0.0232868405093995
0.0234602342532468,0.0227837475243265,0.0220410502516198,0.0216292702648069,0.11883242676814655,16-06-2011,0.0216292702648069
0.0218324664896219,0.0221825952928051,0.0228604181010248,0.0216292702648069,0.10999427795357515,17-06-2011,0.0216292702648069
0.0206523333858274,0.0196978204455857,0.021549428312922,0.0206387709723064,0.09784699385741732,20-06-2011,0.0206387709723064
0.0205505957387191,0.0222427087124946,0.0225736406852091,0.0237113422276126,0.0949652885497023,21-06-2011,0.0237113422276126
0.0228498226135827,0.0232847093871339,0.0248269079042409,0.0230644815039417,0.09355890605502791,22-06-2011,0.0230644815039417
0.022503921531436,0.0222226682341349,0.023003807833145,0.0240751950677178,0.07249074476225895,23-06-2011,0.0240751950677178
0.023399190851097,0.0227236300969422,0.0251546558633728,0.0237921972912876,0.24060171109870152,24-06-2011,0.0237921972912876
0.0235823169881221,0.0233448268145182,0.0252570750521767,0.0235698382858297,0.11657118432572867,27-06-2011,0.0235698382858297
0.0237044017577097,0.0232847093871339,0.0259945100086483,0.0248837699615928,0.0531323033649767,28-06-2011,0.0248837699615928
0.0251490454190217,0.0249679412461667,0.026813879906478,0.0252476268445522,0.09260752966157168,29-06-2011,0.0252476268445522
0.0251490454190217,0.0254488646344617,0.0274898600721875,0.0269456215888416,0.05709637167104406,30-06-2011,0.0269456215888416
0.0263088314003369,0.0259899034462937,0.0283092279215925,0.026723266626238,0.05076765044500936,01-07-2011,0.026723266626238
0.0262070957879409,0.0258295956501954,0.0281248696945808,0.0269658358601171,0.060495129366506965,05-07-2011,0.0269658358601171
0.0264512592229792,0.0250681316148807,0.0277971217354489,0.0266019789771578,0.05573135336738943,06-07-2011,0.0266019789771578
0.0264512592229792,0.0267914424267855,0.0287393991663779,0.0281584798868,0.08337642103231202,07-07-2011,0.0281584798868
0.0279772934089203,0.0265710172033028,0.0278790607736567,0.026298764908025,0.07735793123892595,08-07-2011,0.026298764908025
0.0249455741942295,0.0238457886773256,0.0266704901743578,0.0253689104507782,0.05910253493550579,11-07-2011,0.0253689104507782
0.0248845348615042,0.0249679412461667,0.0266704901743578,0.0250050535678188,0.06390078109380677,12-07-2011,0.0250050535678188
0.0250066155616672,0.0248477124029403,0.0264656476999003,0.0259551222963411,0.0653209516521544,13-07-2011,0.0259551222963411
0.0252100888211716,0.0247074390736593,0.0251341716159271,0.0238730563978167,0.07173240126022865,14-07-2011,0.0238730563978167
0.0237044017577097,0.0224430934576175,0.0254414353276132,0.0238124115625631,0.04070925799535308,15-07-2011,0.0238124115625631
0.0227887792114328,0.0216816334299978,0.0238641462258662,0.0231049120679199,0.05056082948991031,18-07-2011,0.0231049120679199
0.0232771101509339,0.0230041727478092,0.0257282168402783,0.0244390519506771,0.06257023294933561,19-07-2011,0.0244390519506771
0.0241316892950609,0.0276731373091739,0.0262608031770181,0.026056197695573,0.20198134474984977,20-07-2011,0.026056197695573
0.0259832774406695,0.0251082105677527,0.0268753326488152,0.0260764119668485,0.06156370430118609,21-07-2011,0.0260764119668485
0.0255559899033183,0.0258696746030674,0.0277971217354489,0.0272690539721042,0.032057248040371016,22-07-2011,0.0272690539721042
0.0261867486654616,0.0252885568383634,0.0275717991103953,0.0256519102486355,0.03824808862967289,25-07-2011,0.0256519102486355
0.0247624480572044,0.0243267100617732,0.0266090353835958,0.024661410956135,0.04426657842305876,26-07-2011,0.024661410956135
0.0251490454190217,0.0237856712499412,0.0256667620495164,0.0239336951687891,0.05790986742776735,27-07-2011,0.0239336951687891
0.0233178043958923,0.0238858616186553,0.0257282168402783,0.0250050535678188,0.05654484912411282,28-07-2011,0.0250050535678188
0.0237247448107644,0.0235852865048183,0.0256462778020706,0.0250050535678188,0.05719978214859353,29-07-2011,0.0250050535678188
0.0254949465011683,0.0247475180265314,0.0271006573222936,0.02621790984435,0.07213914913859033,01-08-2011,0.02621790984435
0.025535642780839,0.0251883664696494,0.0251751401108185,0.0233272690519506,0.09864670155046729,02-08-2011,0.0233272690519506
0.0231143331711002,0.0224430934576175,0.0232701050983644,0.0230442712755204,0.11554397358206954,03-08-2011,0.0230442712755204
0.0210999680456579,0.0205594748496144,0.0198492357749252,0.0180917727915908,0.20309817790738527,04-08-2011,0.0180917727915908
0.0180072054288172,0.0175336651982578,0.0160801342449085,0.0170608449565392,0.12725693367251942,05-08-2011,0.0170608449565392
0.0141615992802456,0.015650052601797,0.0166332089259435,0.0158479866585809,0.17166139273231132,08-08-2011,0.0158479866585809
0.0162980471405633,0.0176739385275388,0.0178622658211128,0.0187184131797047,0.08375559278332727,09-08-2011,0.0187184131797047
0.0189228279750942,0.0176539000530265,0.0177188719921432,0.0162118455629673,0.09966701826229003,10-08-2011,0.0162118455629673
0.0160742308280042,0.0182750907590602,0.0184767911960604,0.0192035556903173,0.049499148587067894,11-08-2011,0.0192035556903173
0.0192483799000493,0.0210604367124217,0.0212626508971063,0.0212451970891449,0.061398247537106806,12-08-2011,0.0212451970891449
0.0213237884276415,0.0202789382102896,0.0224302509530889,0.0210834849403678,0.04274989141899827,15-08-2011,0.0210834849403678
0.0203267753567355,0.019858132249379,0.0222254084786315,0.0208206994137861,0.02889978145919043,16-08-2011,0.0208206994137861
0.0208558005411951,0.0200785534651667,0.0215699125603677,0.020274914089347,0.0362074552060278,17-08-2011,0.020274914089347
0.0180275525512965,0.0170727822883225,0.0173911240330113,0.0171012734990903,0.06467291265951029,18-08-2011,0.0171012734990903
0.0157079826233783,0.0152092021548317,0.0143799417069118,0.0131392743076611,0.0866441921228788,19-08-2011,0.0131392743076611
0.0141819484374371,0.0143675862253153,0.0137244457886479,0.0124317788558721,0.059812620214679695,22-08-2011,0.0124317788558721
0.0117809859501775,0.0129849354916618,0.0133557293346245,0.0144734162118454,0.05173970893397552,23-08-2011,0.0144734162118454
0.0141615992802456,0.0146280883978225,0.0160801342449085,0.0163129189407721,0.039006432131703184,24-08-2011,0.0163129189407721
0.0157283297458575,0.0145078595545962,0.0162235239770287,0.0147766343238326,0.03869620069905455,25-08-2011,0.0147766343238326
0.013368059468844,0.0146681673506946,0.014523331439032,0.0160299171214877,0.044349306805098396,26-08-2011,0.0160299171214877
0.0164404749632055,0.0164716280529537,0.0185177596909519,0.0180109136850615,0.0472172240491403,29-08-2011,0.0180109136850615
0.0170101964273357,0.0163113202568553,0.0186611494230721,0.0178491995148573,0.017076516859354445,30-08-2011,0.0178491995148573
0.017620608067,0.0177741288962529,0.019050352172966,0.0180715585203152,0.0486236065438146,31-08-2011,0.0180715585203152
0.0173357503870032,0.0165117070058257,0.0181490432369285,0.0165757024459268,0.05029885628011806,01-09-2011,0.0165757024459268
0.0153010381390817,0.0147483192448963,0.0157728705332223,0.0146957752173033,0.044907723383866255,02-09-2011,0.0146957752173033
0.0129407719314928,0.0131652817622725,0.0149739869312631,0.0144329917121487,0.04765844208668535,06-09-2011,0.0144329917121487
0.0147516637974306,0.0147683577194086,0.0170019274283916,0.0162522741055184,0.023487966467428692,07-09-2011,0.0162522741055184
0.015138261159248,0.0148284751467929,0.0170019274283916,0.0157873478876085,0.026693691271465963,08-09-2011,0.0157873478876085
0.0147109736218968,0.0139067033153799,0.0155065732680029,0.014493630483121,0.03797232735620732,09-09-2011,0.014493630483121
0.0129407719314928,0.0133857009742129,0.015301734890395,0.0143117020416413,0.03089215665997923,12-09-2011,0.0143117020416413
0.0139784751779327,0.0149687424645315,0.0159162602653425,0.0167374166161308,0.04191571356676495,13-09-2011,0.0167374166161308
0.0165015183653554,0.0164515895784414,0.0180466240481246,0.0172629876692944,0.049106188772379517,14-09-2011,0.0172629876692944
0.0171729734071695,0.016631935849052,0.0191527713617699,0.0182332726905194,0.030616395386513662,15-09-2011,0.0182332726905194
0.017579917891466,0.0184554370296708,0.0194805193209019,0.0202142692540933,0.08952589743059401,16-09-2011,0.0202142692540933
0.0179258189736126,0.0183953196022865,0.0181080747420371,0.0201536284616938,0.07162209675084245,19-09-2011,0.0201536284616938
0.0200215705542596,0.0199783610926053,0.0218976605194996,0.0206387709723064,0.07320772407326948,20-09-2011,0.0206387709723064
0.0199605312215341,0.020679709704383,0.0219591153102615,0.020315342631898,0.05991603069222937,21-09-2011,0.020315342631898
0.019329766355254,0.0189964778453503,0.0202794029228611,0.0198706266424094,0.04531447126222795,22-09-2011,0.0198706266424094
0.019024561552778,0.0200184400454773,0.0212421646012358,0.0213866969880735,0.07155315643247584,23-09-2011,0.0213866969880735
0.0211203151681372,0.0198180532965069,0.0203203734661774,0.0196482716798058,0.05627598188248406,26-09-2011,0.0196482716798058
0.020062264799218,0.0207598615985848,0.0216928180450422,0.0210026298766929,0.03833081701171252,27-09-2011,0.0210026298766929
0.020062264799218,0.0197779763474823,0.0195214878157933,0.0177683444511824,0.04169510454799257,28-09-2011,0.0177683444511824
0.0194925433350877,0.0184153600806462,0.0175549980125772,0.0168182757226601,0.05591749222697885,29-09-2011,0.0168182757226601
0.017620608067,0.0165517799471554,0.0174320945763275,0.0173640570042449,0.08394173164291649,30-09-2011,0.0173640570042449
0.0179258189736126,0.016772205170638,0.0169404726376296,0.0160299171214877,0.062370306026072866,03-10-2011,0.0160299171214877
0.014548196642063,0.0154095889038021,0.0162849767193659,0.015888417222559,0.0745796364087606,04-10-2011,0.015888417222559
0.0160538837055249,0.0184554370296708,0.0171453151120871,0.0193450596321001,0.07659269370505924,05-10-2011,0.0193450596321001
0.0187803981177397,0.0219822085438347,0.0205661844355263,0.0225591247220536,0.11379288949556345,06-10-2011,0.0225591247220536
0.0220562828021811,0.0219822085438347,0.022676059874013,0.0226197695573074,0.0822526938429398,07-10-2011,0.0226197695573074
0.0227277358092829,0.0231444400655479,0.0246220654297835,0.0244188376794015,0.05549695628494373,10-10-2011,0.0244188376794015
0.0231346802935794,0.0223228626105438,0.0248064236567951,0.0238730563978167,0.031519513557112994,11-10-2011,0.0238730563978167
0.0226056551091199,0.0227837475243265,0.025031752427123,0.0242571235091974,0.06927812592638516,12-10-2011,0.0242571235091974
0.0233788437286178,0.0237255538225569,0.0255233743658209,0.024540127349909,0.06376979448891065,13-10-2011,0.024540127349909
0.0241316892950609,0.0238858616186553,0.0251546558633728,0.0247624802910854,0.08838148814571196,14-10-2011,0.0247624802910854
0.0238468316150642,0.0227837475243265,0.0251546558633728,0.0234889832221548,0.04384604248102384,17-10-2011,0.0234889832221548
0.0227073886868037,0.0236454019283552,0.0240280202054321,0.0253486961795027,0.0607502085444626,18-10-2011,0.0253486961795027
0.0241723835400194,0.0229039763675528,0.025236590804731,0.0237921972912876,0.04649335070629326,19-10-2011,0.0237921972912876
0.0229922524709371,0.0217217063713274,0.0246220654297835,0.0233272690519506,0.0607502085444626,20-10-2011,0.0233272690519506
0.022910861946308,0.0233848997558479,0.0246425496772292,0.0247220557913886,0.07060178003901992,21-10-2011,0.0247220557913886
0.0238671787375434,0.0245671697520733,0.0261583839882142,0.0257731938548615,0.056675835729009146,24-10-2011,0.0257731938548615
0.0245996731120829,0.0245070583362313,0.0262608031770181,0.0251667677380229,0.03694511661254826,25-10-2011,0.0251667677380229
0.0245182866568783,0.0235251730851289,0.0254414353276132,0.0246209824135839,0.027024604799624728,26-10-2011,0.0246209824135839
0.0248234914593542,0.0246874046068419,0.0268958189446857,0.0261976955730745,0.051767285061321965,27-10-2011,0.0261976955730745
0.0251490454190217,0.0267914424267855,0.0266909744218035,0.0284414817060844,0.0789711346886997,28-10-2011,0.0284414817060844
0.0271837576669431,0.0258095571756831,0.0282068087327886,0.0274307681423083,0.0700088933010688,31-10-2011,0.0274307681423083
0.0249252250370381,0.0246272871794576,0.0266704901743578,0.0264402648069536,0.035621462499913506,01-11-2011,0.0264402648069536
0.0261664015429824,0.0253085953128757,0.0271825963605013,0.0260966221952697,0.05217403293968366,02-11-2011,0.0260966221952697
0.0282011137909039,0.0317810265880418,0.0298045820819813,0.03367697392359,0.16485008927771191,03-11-2011,0.03367697392359
0.031171791638157,0.0316006803174311,0.0318120362832394,0.0333737638973114,0.20091966384700738,04-11-2011,0.0333737638973114
0.0315380398427829,0.0307991373292444,0.0323036582219373,0.0312714776632301,0.07912969742094236,07-11-2011,0.0312714776632301
0.0309886716052686,0.0307991373292444,0.0322422034311753,0.0324236911259348,0.0723459700936895,08-11-2011,0.0324236911259348
0.0299713154813079,0.0297771751291174,0.031381865038454,0.0304831190620577,0.05757895389960868,09-11-2011,0.0304831190620577
0.0301137453386623,0.0297972136036297,0.0320988157474798,0.0313927632908833,0.0433496721887859,10-11-2011,0.0313927632908833
0.0320670670619547,0.0358087559573181,0.0319349417679139,0.0360622579341014,0.2585124058102898,11-11-2011,0.0360622579341014
0.0343052505346683,0.0338850644079853,0.0361342104458665,0.0352132625833837,0.08322475233190617,14-11-2011,0.0352132625833837
0.0341424694854102,0.0356083752198901,0.0363595392161944,0.0366484738225186,0.05325639593803611,15-11-2011,0.0366484738225186
0.0352819124136707,0.0368106796829329,0.0377319878919087,0.0386901131999191,0.1182119639028489,16-11-2011,0.0386901131999191
0.0373573189065505,0.0366102989455049,0.0373018125502739,0.0361431170406306,0.08485174384535284,17-11-2011,0.0361431170406306
0.0356074643386259,0.0350272574551861,0.0359703405631501,0.0339599717000201,0.05406989169475939,18-11-2011,0.0339599717000201
0.03316580964112,0.0316808282039379,0.0329181835968848,0.0322619769557307,0.06294940470035056,21-11-2011,0.0322619769557307
0.0317822073472458,0.0323821788195632,0.0329181835968848,0.0328886193652718,0.04233624950879997,22-11-2011,0.0328886193652718
0.0317822073472458,0.0308993276979584,0.0333278705942244,0.0316353365676167,0.02297780811151762,23-11-2011,0.0316353365676167
0.0313549157404699,0.0316207147842485,0.0329796383876467,0.0320598342429754,0.008348672554169448,25-11-2011,0.0320598342429754
0.0322705382867468,0.0333640600629707,0.0344749864027613,0.0338791206791994,0.03879271714476762,28-11-2011,0.0338791206791994
0.0332675513576529,0.03294325410206,0.0341062699487379,0.0322417626844551,0.03258119445995571,29-11-2011,0.0322417626844551
0.0332878944107076,0.0326627154588878,0.0353148446448862,0.034242979583586,0.044245896327548925,30-11-2011,0.034242979583586
0.0334303242680621,0.034786797764886,0.0348232206577637,0.0339599717000201,0.06285288825463768,01-12-2011,0.0339599717000201
0.0339593535219463,0.0341856375179748,0.0356835631473344,0.0353749727107337,0.047175859858120534,02-12-2011,0.0353749727107337
0.0353836459913545,0.0368106796829329,0.0377934365373964,0.0376389690721649,0.07180823561043168,05-12-2011,0.0376389690721649
0.0367469072668864,0.0367706027339083,0.0390224893357164,0.0385486133009905,0.057447967294712556,06-12-2011,0.0385486133009905
0.0376218335334926,0.0365902544594502,0.0385513516444642,0.037174042854255,0.038317028948039206,07-12-2011,0.037174042854255
0.0299102720791579,0.0300977907213141,0.0299684560615472,0.0305033333333332,0.2197334767291952,08-12-2011,0.0305033333333332
0.0292998604394938,0.0290357535760099,0.031340900640412,0.0308065514453204,0.07728209688872323,09-12-2011,0.0308065514453204
0.0290963892147016,0.0280338298503952,0.030808308158398,0.0295330503335354,0.04413559181816264,12-12-2011,0.0295330503335354
0.0293608997722192,0.0286550205564289,0.0285345566919204,0.0275924823125125,0.06036414276161074,13-12-2011,0.0275924823125125
0.0271837576669431,0.026150211242392,0.0266704901743578,0.0257327693551646,0.07207020882022412,14-12-2011,0.0257327693551646
0.0254949465011683,0.025128249042265,0.0269163031921315,0.0259146977966443,0.04010947722556547,15-12-2011,0.0259146977966443
0.0257391140056312,0.0246473256539699,0.0266295216794663,0.024661410956135,0.06281841809545433,16-12-2011,0.024661410956135
0.0243148133973739,0.0237856712499412,0.0253799846337007,0.0241560541742469,0.0598746665012096,19-12-2011,0.0241560541742469
0.0242334228727447,0.0236854808812272,0.0260969291974522,0.0244592682433797,0.04996794275195939,20-12-2011,0.0244592682433797
0.023948565192748,0.0229240168459125,0.0226350954759711,0.0237921972912876,0.10940828524746075,21-12-2011,0.0237921972912876
0.0233178043958923,0.0228839378930405,0.025236590804731,0.024196482716798,0.061418929632616644,22-12-2011,0.024196482716798
0.0241316892950609,0.0227837475243265,0.0256872462969621,0.0244592682433797,0.03260187655546555,23-12-2011,0.0244592682433797
0.0234398871307676,0.0243267100617732,0.0259330552178863,0.0258136244188397,0.04543166980345075,27-12-2011,0.0258136244188397
0.0261460544205032,0.0252685183638511,0.0267524292125655,0.0256923387911864,0.03148504339792994,28-12-2011,0.0256923387911864
0.0253321695213347,0.025468903108974,0.0277971217354489,0.0261370527592479,0.025487235700054105,29-12-2011,0.0261370527592479
0.0251286982965424,0.0247475180265314,0.0271825963605013,0.0257934081261369,0.015256492454481841,30-12-2011,0.0257934081261369
0.0260443208428193,0.0257895187011708,0.0259535415137567,0.024823125126339,0.05581408174942907,03-01-2012,0.024823125126339
0.0245589768324122,0.0241263253166503,0.0256462778020706,0.0240751950677178,0.03526986687624491,04-01-2012,0.0240751950677178
0.0236433583555598,0.0226434782027405,0.0243148017180973,0.0228825571053162,0.06115006239098768,05-01-2012,0.0228825571053162
0.022503921531436,0.0223629415634158,0.0234134948304846,0.0224580553871032,0.05982640827835302,06-01-2012,0.0224580553871032
0.0220969770471394,0.0217617853241995,0.0228194537029827,0.0231453406104709,0.05367003784823431,09-01-2012,0.0231453406104709
0.0229922524709371,0.0223028241360315,0.0251341716159271,0.0238932706690923,0.038144678152123405,10-01-2012,0.0238932706690923
0.023358500675563,0.0235452075519463,0.025236590804731,0.0251263391954719,0.03817914831130667,11-01-2012,0.0251263391954719
0.0251083511740633,0.0240261349479363,0.026281287424464,0.0251667677380229,0.04210874645819068,12-01-2012,0.0251667677380229
0.0249455741942295,0.0237856712499412,0.0156909314950146,0.0141297776430159,0.37102989941607545,13-01-2012,0.0141297776430159
0.0213237884276415,0.0214612082065151,0.0234134948304846,0.0218314129775621,0.31251335718668327,17-01-2012,0.0218314129775621
0.0214662182849961,0.0205394363751021,0.0230857468713527,0.0222559106529208,0.07870916147890734,18-01-2012,0.0222559106529208
0.0224835744089568,0.0222627471870069,0.0238231818278243,0.0221548413179704,0.07775089105361452,19-01-2012,0.0221548413179704
0.0218935058223473,0.020779900073097,0.0233930105830389,0.0218314129775621,0.037489745127642596,20-01-2012,0.0218314129775621
0.0217103796853222,0.0212007060340077,0.0238026955319537,0.0221750555892459,0.032822485574238024,23-01-2012,0.0221750555892459
0.0213441314806963,0.022142516339933,0.0234749496212466,0.0234889832221548,0.05098136543194512,24-01-2012,0.0234889832221548
0.0226463493540782,0.0228037859988388,0.0247244846185874,0.0246007661208813,0.03396689485912018,25-01-2012,0.0246007661208813
0.0242741191524155,0.0259498264972691,0.0266704901743578,0.0265615544774609,0.07946061094910094,26-01-2012,0.0265615544774609
0.0251490454190217,0.0262303631365938,0.0276947025466449,0.0273499090357792,0.04342550653898883,27-01-2012,0.0273499090357792
0.0271634105444639,0.0260099439246535,0.0277561573374069,0.0278350515463916,0.04208806436268074,30-01-2012,0.0278350515463916
0.0279976425661118,0.0267914424267855,0.0284526217505622,0.0268243379826156,0.057765092759197896,31-01-2012,0.0268243379826156
0.0263088314003369,0.0261902901952641,0.0287189149189322,0.0278552658176672,0.027900146842877723,01-02-2012,0.0278552658176672
0.0276313923267736,0.02855482618002,0.0299684560615472,0.0292096219931271,0.04737578678138297,02-02-2012,0.0292096219931271
0.0290353458125517,0.0294565595369207,0.03127944584965,0.0310289064079239,0.04453544566468792,03-02-2012,0.0310289064079239
0.0304392972636176,0.0305987525841215,0.0329181835968848,0.0323428320194056,0.036786553880305495,06-02-2012,0.0323428320194056
0.0318635938024503,0.0303983658351511,0.0324470479540574,0.0319385486153223,0.06226000151668677,07-02-2012,0.0319385486153223
0.0314566533875783,0.0308191717960618,0.0334098096324321,0.0326056195674145,0.034828648838700155,08-02-2012,0.0326056195674145
0.0322705382867468,0.0326026040430459,0.0336965870482478,0.0339195512431776,0.07987425285929944,09-02-2012,0.0339195512431776
0.0327995594017819,0.0313401761410764,0.0304395917043746,0.0309278350515463,0.12103851695587071,10-02-2012,0.0309278350515463
0.0313549157404699,0.0309193701801656,0.0326109219336234,0.0317161916312916,0.07165656691002562,13-02-2012,0.0317161916312916
0.0317415131022873,0.0343860262707926,0.0336351343059105,0.0351121851627248,0.11666770077144165,14-02-2012,0.0351121851627248
0.034508717690036,0.0356284096867075,0.0354172638336902,0.0359813988275721,0.18222994353787886,15-02-2012,0.0359813988275721
0.0353226066586291,0.0358287904241355,0.0359703405631501,0.0371538306044067,0.14485739695145888,16-02-2012,0.0371538306044067
0.0363196197295352,0.0367505662632435,0.0379368262695166,0.0387507600565999,0.08674070856859187,17-02-2012,0.0387507600565999
0.0381101604035693,0.0365501775104256,0.0385718399887595,0.0378006872852233,0.07013298587412851,21-02-2012,0.0378006872852233
0.0373573189065505,0.036249604400436,0.0358884015249424,0.0372346897109358,0.10589922304261157,22-02-2012,0.0372346897109358
0.0363196197295352,0.0367505662632435,0.0380597338026159,0.0378613280776227,0.0483892094613688,23-02-2012,0.0378613280776227
0.0368079465996118,0.0358488329063427,0.0374656885782645,0.0362846169395593,0.058006383873480415,24-02-2012,0.0362846169395593
0.0351394825563162,0.0348068322317034,0.0369126138972295,0.0360218293915503,0.03360840520361467,27-02-2012,0.0360218293915503
0.0356074643386259,0.0356885231063969,0.0372608420069576,0.0364059045886395,0.0340358351774865,28-02-2012,0.0364059045886395
0.035953369490197,0.0350472919220035,0.0371993913130452,0.0355973317161916,0.02876190082245759,29-02-2012,0.0355973317161916
0.0353429497116838,0.0358087559573181,0.0375476276164723,0.0376187588437436,0.040330086244337836,01-03-2012,0.0376187588437436
0.0371538517511829,0.0358087559573181,0.0383669934174525,0.0368708328279765,0.02974774737509698,02-03-2012,0.0368708328279765
0.0370521079999379,0.0356083752198901,0.0378548872313089,0.0363250454821102,0.02402570095068661,05-03-2012,0.0363250454821102
0.0348139285966487,0.0333640600629707,0.0361342104458665,0.034990905599353,0.031388526952216875,06-03-2012,0.034990905599353
0.0345494139697067,0.0334241794942025,0.0367282556702177,0.0350111158277743,0.01698689444547809,07-03-2012,0.0350111158277743
0.0345290709166519,0.0337848740392713,0.0369945529354372,0.0349100464928238,0.03549047589501748,08-03-2012,0.0349100464928238
0.0347121950189649,0.0374318743966615,0.0373223008945691,0.03828583383869,0.09892246282393297,09-03-2012,0.03828583383869
0.0377439121989434,0.0393956448988664,0.040190089391699,0.0408530382049726,0.12718109932231628,12-03-2012,0.0408530382049726
0.0414470864554483,0.0399967971303878,0.0420336757586653,0.041014756418031,0.06088119514935882,13-03-2012,0.041014756418031
0.0404093872784328,0.0388145271341623,0.0405997763890385,0.0393976167374165,0.05053325336256376,14-03-2012,0.0393976167374165
0.0389443924252171,0.037772526459523,0.0405588078941471,0.0388114008489993,0.03123685825181102,15-03-2012,0.0388114008489993
0.0381712078751437,0.0385941019106796,0.04066123527665,0.0394582575298159,0.04210874645819068,16-03-2012,0.0394582575298159
0.0389036961455465,0.0374519108673263,0.0400671900522987,0.0387709723064482,0.06184635960648837,19-03-2012,0.0387709723064482
0.0383339807855529,0.0372114511770262,0.0401286407462112,0.0387305417424701,0.030919732787325776,20-03-2012,0.0387305417424701
0.0382525902609239,0.0374118319144543,0.040190089391699,0.0391146189609864,0.033691133585654606,21-03-2012,0.0391146189609864
0.0383136356977859,0.0371112608083122,0.0395755640167514,0.0375985486153223,0.02784499458818453,22-03-2012,0.0375985486153223
0.036868983897625,0.0360692581298254,0.0372198817057651,0.0369516919345056,0.07253210895327881,23-03-2012,0.0369516919345056
0.039575155256785,0.043002568307232,0.0410914024245859,0.0436628299979785,0.20833764210323083,26-03-2012,0.0436628299979785
0.0427696534860218,0.0467297265703662,0.0451677635694393,0.0447543945825752,0.1668838286695204,27-03-2012,0.0447543945825752
0.0440311730450208,0.0437039129113148,0.0453316416458547,0.0445724641196684,0.05766857631348514,28-03-2012,0.0445724641196684
0.0448654050666686,0.0432029510485074,0.0451677635694393,0.0435213300990498,0.04673464182057547,29-03-2012,0.0435213300990498
0.0435021498952735,0.0427019891857001,0.0444508169572631,0.0433394016575701,0.05293927047355087,30-03-2012,0.0433394016575701
0.0431155586375929,0.0427621086169319,0.0441435511971522,0.0420052597533858,0.0627425837452513,02-04-2012,0.0420052597533858
0.0418336878866901,0.0437640323425466,0.0444303286129678,0.0448958924600768,0.06753393587171548,03-04-2012,0.0448958924600768
0.0389240473374502,0.0377925689417302,0.0403744496671354,0.0388114008489993,0.30080729112807014,04-04-2012,0.0388114008489993
0.0385781421858789,0.0376923705576264,0.0398008927870793,0.0377602587426722,0.09588908881581189,05-04-2012,0.0377602587426722
0.0365434299379575,0.0353879499964074,0.0371174522748375,0.0350717647058823,0.1059750573928147,09-04-2012,0.0350717647058823
0.0346104614412811,0.0345062511063241,0.0350690275302631,0.03367697392359,0.11921159851916159,10-04-2012,0.03367697392359
0.034793585543594,0.0333841025451779,0.0348846693032514,0.0349504750353749,0.06804409422762675,11-04-2012,0.0349504750353749
0.035871978965568,0.0357686790082936,0.0367487358208141,0.035657972508591,0.06310796743259332,12-04-2012,0.035657972508591
0.0362178780130023,0.0348869881336,0.0366053460886939,0.0359611885991509,0.0366142030843895,13-04-2012,0.0359611885991509
0.0351394825563162,0.034205680000182,0.0350485473796669,0.0332524762482312,0.06763734634926505,16-04-2012,0.0332524762482312
0.0331454645533532,0.03294325410206,0.0349461281908628,0.0332322660198099,0.06873349741129062,17-04-2012,0.0332322660198099
0.0324536623890599,0.0323020229176666,0.03390143157113,0.0340812613705275,0.048575348320958216,18-04-2012,0.0340812613705275
0.033796572472688,0.0336646391845026,0.0358884015249424,0.0350919749343035,0.045252424975698244,19-04-2012,0.0350919749343035
0.0345901082146652,0.0342657934198714,0.0367897063641303,0.0350919749343035,0.048485725907081965,20-04-2012,0.0350919749343035
0.0340203928546716,0.0327428713607845,0.0342701439283038,0.0326258358601172,0.053242607874362684,23-04-2012,0.0326258358601172
0.0319042900821211,0.0311999088233378,0.0328157644080808,0.0323832625833838,0.03833081701171252,24-04-2012,0.0323832625833838
0.0324129681441014,0.0327829503136565,0.0350075788847754,0.0345866181524155,0.040929867014125564,25-04-2012,0.0345866181524155
0.0342238600100393,0.0338449854551133,0.0367282556702177,0.03575904992925,0.0211508896748082,26-04-2012,0.03575904992925
0.0355260738139967,0.0340654106785959,0.0367282556702177,0.0354558318172629,0.032574300428119,27-04-2012,0.0354558318172629
0.0348546228416072,0.0335243718667639,0.0360522796013578,0.0350313341419041,0.02036497004543136,30-04-2012,0.0350313341419041
0.0345697651616104,0.0352276381926141,0.037178911162449,0.0363452577319587,0.0372622420770334,01-05-2012,0.0363452577319587
0.0353226066586291,0.0355883307338355,0.0377114974991887,0.036668686072367,0.026114592597188277,02-05-2012,0.036668686072367
0.0361568386802769,0.0348068322317034,0.0351304864178746,0.03367697392359,0.04983006211522656,03-05-2012,0.03367697392359
0.0329216462060818,0.0317209051529625,0.0336351343059105,0.0324034768546593,0.07783361943565426,04-05-2012,0.0324034768546593
0.0321891477621178,0.0319613728586525,0.0340653055506959,0.0336971922377197,0.07166346094186232,07-05-2012,0.0336971922377197
0.0332878944107076,0.032261945968642,0.0294768341228494,0.0290883383869011,0.20535252631796633,08-05-2012,0.0290883383869011
0.0288115254305681,0.0283344049642321,0.0302757177248086,0.028825548817465,0.1261194184194738,09-05-2012,0.028825548817465
0.034244211201943,0.0361694484985394,0.0356835631473344,0.034687687487366,0.3748836632127565,10-05-2012,0.034687687487366
0.0332675513576529,0.0336846756551675,0.035191937111787,0.0332524762482312,0.07602738309445477,11-05-2012,0.0332524762482312
0.0321077613069132,0.0310596395017518,0.0308697588523105,0.028825548817465,0.08703025790573085,14-05-2012,0.028825548817465
0.0287301389753635,0.0287151339761183,0.0291695663143138,0.0275520517485343,0.10114923510716746,15-05-2012,0.0275520517485343
0.0273465346467769,0.0271521349680068,0.0284731019011584,0.0270466949666464,0.07849544649197168,16-05-2012,0.0270466949666464
0.0267768131826466,0.0263706364658747,0.0271621121130556,0.0258136244188397,0.07104299807656476,17-05-2012,0.0258136244188397
0.0248845348615042,0.0237055153480446,0.0242738332232058,0.0237719809985849,0.10327259691285219,18-05-2012,0.0237719809985849
0.0232771101509339,0.0253085953128757,0.0248678784475571,0.02621790984435,0.09353132992768126,21-05-2012,0.02621790984435
0.0284045850156961,0.029476598011433,0.0307673396635064,0.0303214048918536,0.1549571535921351,22-05-2012,0.0303214048918536
0.0293405506150277,0.028895480246729,0.0297431272912193,0.0307661208813422,0.07596533680792508,23-05-2012,0.0307661208813422
0.0307445041008058,0.0292962517408224,0.0301323300411132,0.0292702668283807,0.06598277870847173,24-05-2012,0.0292702668283807
0.0285266677505713,0.0276130198817896,0.0291286019162717,0.0283201920355771,0.04401839327693994,25-05-2012,0.0283201920355771
0.0282214609133831,0.0306588680076584,0.0307878239109522,0.0321204790782291,0.10558209757812632,29-05-2012,0.0321204790782291
0.0303986030186591,0.0296369058075313,0.0312589616022043,0.0295330503335354,0.08194935644212768,30-05-2012,0.0295330503335354
0.0283435436482584,0.0273725601914894,0.0282068087327886,0.027693551647463,0.068954106430063,31-05-2012,0.027693551647463
0.0252100888211716,0.0251082105677527,0.0261788682356599,0.0249646250252678,0.052897906282530896,01-06-2012,0.0249646250252678
0.0241927326972109,0.0236053249793306,0.0248473942001114,0.0244188376794015,0.06290114647749417,04-06-2012,0.0244188376794015
0.0238061353353935,0.0235652460264586,0.0257691812383203,0.0244794825146553,0.035325019130937794,05-06-2012,0.0244794825146553
0.0245386337793575,0.0256893283324567,0.0269572675901735,0.0271275500303213,0.05455936795516083,06-06-2012,0.0271275500303213
0.0278145164290866,0.0265309442619731,0.028411651207246,0.0265413381847583,0.02575610294168296,07-06-2012,0.0265413381847583
0.0258815438629857,0.0271721754463665,0.026977753886044,0.0288659793814432,0.052573886786208744,08-06-2012,0.0288659793814432
0.0288318725530474,0.028795289878015,0.0286369758807245,0.0269254113604204,0.035676614754606595,11-06-2012,0.0269254113604204
0.0266343853600044,0.0264708268345887,0.0283297121690382,0.0280169799878713,0.03105761342405841,12-06-2012,0.0280169799878713
0.027285491244627,0.0280739027917249,0.0296816725004573,0.028239336971902,0.05002309500665239,13-06-2012,0.028239336971902
0.0285673619955298,0.0280939432700846,0.0279405155644186,0.0274711926420052,0.051960317952747796,14-06-2012,0.0274711926420052
0.0269599372849595,0.0266912520580715,0.0283297121690382,0.0285223367697593,0.03642117019296357,15-06-2012,0.0285223367697593
0.0280790330907408,0.0314604109958451,0.0297431272912193,0.0324236911259348,0.07847476439646166,18-06-2012,0.0324236911259348
0.0323112325317053,0.0321216766470559,0.033839976780368,0.0329290479078228,0.054642096337200574,19-06-2012,0.0329290479078228
0.0353226066586291,0.0358087559573181,0.0373427810451654,0.0363452577319587,0.22777191785071643,20-06-2012,0.0363452577319587
0.036868983897625,0.0353679075142001,0.0345364411935233,0.0331311885991509,0.12225876059095608,21-06-2012,0.0331311885991509
0.0334913615660752,0.0347667552826788,0.0358064624867346,0.0363654760460884,0.2018641462086269,22-06-2012,0.0363654760460884
0.0362178780130023,0.0350472919220035,0.0364005077110859,0.034990905599353,0.0951376393456182,25-06-2012,0.034990905599353
0.0323722718644307,0.0315004799294798,0.0336146480100401,0.0319587649080249,0.17203367045148996,26-06-2012,0.0319587649080249
0.0320670670619547,0.0317008706861451,0.0339833665124882,0.0326662603598139,0.06402487366686628,27-06-2012,0.0326662603598139
0.0320670670619547,0.0310195625527271,0.0320373650535673,0.0315544774610874,0.05484891729229983,28-06-2012,0.0315544774610874
0.0338983060503718,0.0324022132863806,0.0328157644080808,0.0313119082272083,0.06944358269046443,29-06-2012,0.0313119082272083
0.0309479753255979,0.0303983658351511,0.0311565424134004,0.0295128360622598,0.08252845511640547,02-07-2012,0.0295128360622598
0.0294219411396569,0.028795289878015,0.0315867095613362,0.0300384071154234,0.0571170537665539,03-07-2012,0.0300384071154234
0.0298492286770081,0.0301378676703388,0.0324060774107412,0.0311906205781281,0.0782679434413624,05-07-2012,0.0311906205781281
0.0302154789163462,0.0302580985174125,0.0324060774107412,0.0307054780675156,0.04591425203201557,06-07-2012,0.0307054780675156
0.0301137453386623,0.0304584832625354,0.0321397842423712,0.0317161916312916,0.0546007321461806,09-07-2012,0.0317161916312916
0.0313345726874153,0.0317609841058345,0.0325904356377529,0.0312714776632301,0.044114909722652806,10-07-2012,0.0312714776632301
0.0313956120201406,0.030157906144851,0.0328362486555266,0.0317566201738427,0.035855859582359206,11-07-2012,0.0317566201738427
0.0308258946254349,0.0328230192472914,0.0324060774107412,0.0341621204770567,0.06943668865862802,12-07-2012,0.0341621204770567
0.034244211201943,0.0356083752198901,0.0365643857875013,0.0372953305033353,0.0817838996780484,13-07-2012,0.0372953305033353
0.0369910707019248,0.0388145271341623,0.0387562002641959,0.0407519688700222,0.11206248750456689,16-07-2012,0.0407519688700222
0.0383746750305113,0.0372314856438437,0.0356425926040181,0.0354760420456842,0.16895893225234881,17-07-2012,0.0354760420456842
0.0310904051829524,0.0341455585651027,0.0329386678443305,0.0330503375783302,0.19050967577368252,18-07-2012,0.0330503375783302
0.0337355331399627,0.0331035659058533,0.0349461281908628,0.0332929047907822,0.09082197541588213,19-07-2012,0.0332929047907822
0.0324129681441014,0.0313000991920518,0.0333278705942244,0.0323226217909844,0.09996346163126554,20-07-2012,0.0323226217909844
0.0303375596165092,0.0293964421095364,0.0320373650535673,0.0300384071154234,0.08743700578409246,23-07-2012,0.0300384071154234
0.029544023874532,0.0288754457799116,0.0299889403089929,0.0283808368708307,0.09526173191867761,24-07-2012,0.0283808368708307
0.0280383368110702,0.0267513654777609,0.0282068087327886,0.0265817687487365,0.1877727451345367,25-07-2012,0.0265817687487365
0.0279976425661118,0.0267914424267855,0.0259330552178863,0.0249241944612896,0.14779425451386718,26-07-2012,0.0249241944612896
0.0255763329563729,0.0261101342933675,0.0268753326488152,0.0277137659187385,0.10716772490055322,27-07-2012,0.0277137659187385
0.0272041047894224,0.0272924042895928,0.0250522325777194,0.0233474833232261,0.13420611776385158,30-07-2012,0.0233474833232261
0.0231957236957293,0.0227236300969422,0.0253390140903844,0.0234889832221548,0.10041846773248371,31-07-2012,0.0234889832221548
0.0241113421725817,0.0227637090498142,0.0226350954759711,0.0211239134829189,0.10160424120838545,01-08-2012,0.0211239134829189
0.021771423087472,0.0204793229554127,0.0215903968078134,0.0208206994137861,0.08180458177355834,02-08-2012,0.0208206994137861
0.0218935058223473,0.0218820141674258,0.0240894749961941,0.0231857691530219,0.07521388733773139,03-08-2012,0.0231857691530219
0.023216066748784,0.0241864427440346,0.0257486969908746,0.025207196280574,0.0971851668010999,06-08-2012,0.025207196280574
0.0256984177259604,0.028594905132892,0.0276947025466449,0.0292096219931271,0.15640490027782908,07-08-2012,0.0292096219931271
0.0279976425661118,0.0267914424267855,0.0278790607736567,0.0268647665251667,0.0820665549833506,08-08-2012,0.0268647665251667
0.0272244519119016,0.0267914424267855,0.028985208087302,0.0275116232059834,0.038199830406816404,09-08-2012,0.0275116232059834
0.0267971603051259,0.0266712135835592,0.0293539245413254,0.028582981605013,0.0405989534859668,10-08-2012,0.028582981605013
0.0275703550287605,0.0293964421095364,0.0289237573933895,0.0310693349504749,0.05181554328417855,13-08-2012,0.0310693349504749
0.029727147976845,0.0291359439447239,0.0292515053525215,0.0275318374772588,0.04652782086547642,14-08-2012,0.0275318374772588
0.0269599372849595,0.0261902901952641,0.0283297121690382,0.0274914089347078,0.02805181554328368,15-08-2012,0.0274914089347078
0.0272448010690931,0.0275729409289176,0.0297431272912193,0.0293106913280776,0.03795164526069748,16-08-2012,0.0293106913280776
0.0287911823775134,0.0282141721133109,0.030726371168615,0.0287244794825146,0.02686604206738186,17-08-2012,0.0287244794825146
0.0285063206280922,0.0275729409289176,0.0289237573933895,0.0277137659187385,0.073118101659393,20-08-2012,0.0277137659187385
0.0273465346467769,0.0267914424267855,0.0287189149189322,0.0269051970891448,0.04433551874142528,21-08-2012,0.0269051970891448
0.0261867486654616,0.0268715983286821,0.0287393991663779,0.0286031958762886,0.04529378916671801,22-08-2012,0.0286031958762886
0.0282011137909039,0.0284947127603306,0.0300503910029054,0.0301799070143521,0.09324178059054246,23-08-2012,0.0301799070143521
0.0283231944910669,0.0272723658150805,0.0295587690642076,0.027693551647463,0.09037386334650056,24-08-2012,0.027693551647463
0.0273261875242977,0.0261902901952641,0.0270187223809354,0.0253082676369516,0.08492757819555577,27-08-2012,0.0253082676369516
0.0249455741942295,0.0255490550031757,0.0266704901743578,0.026056197695573,0.08853315684611782,28-08-2012,0.026056197695573
0.0251286982965424,0.024066207889266,0.0267114586692492,0.0254901960784313,0.049664605351147174,29-08-2012,0.0254901960784313
0.0253525166438139,0.0242665946382363,0.0268753326488152,0.0254901960784313,0.0370829972492808,30-08-2012,0.0254901960784313
0.0253728658010053,0.0244669793833593,0.0270801771716974,0.025712553062462,0.029044556127759774,31-08-2012,0.025712553062462
0.0251897396639801,0.0247675565010437,0.0264656476999003,0.024944408732565,0.0437081618442909,04-09-2012,0.024944408732565
0.0241520364175402,0.0237856712499412,0.026281287424464,0.024540127349909,0.03590411780521559,05-09-2012,0.024540127349909
0.0241316892950609,0.024587210230433,0.0264656476999003,0.0257731938548615,0.0498576382425731,06-09-2012,0.0257731938548615
0.0252507789967055,0.0259297880227568,0.0276947025466449,0.0273903375783302,0.05754448374042553,07-09-2012,0.0273903375783302
0.026573346027279,0.0254889415834863,0.025236590804731,0.0233879138872043,0.09408974650644901,10-09-2012,0.0233879138872043
0.0236433583555598,0.0231043631165233,0.0254414353276132,0.0242571235091974,0.06179810138363189,11-09-2012,0.0242571235091974
0.0239282180702688,0.0239459790460397,0.0262608031770181,0.0252274125732766,0.07078102486677251,12-09-2012,0.0252274125732766
0.0252914752763762,0.0257895187011708,0.0276537340517535,0.027653123104912,0.09418626295216206,13-09-2012,0.027653123104912
0.0282011137909039,0.0280939432700846,0.0300503910029054,0.0294926197695572,0.09776426547537768,14-09-2012,0.0294926197695572
0.0329826835040949,0.032362136337356,0.0338604610278137,0.0338386921366484,0.21332202712112094,17-09-2012,0.0338386921366484
0.0320263707822841,0.0305987525841215,0.0321602684898171,0.0314129775621588,0.11513033167187144,18-09-2012,0.0314129775621588
0.0302358260388254,0.0302781369919248,0.0326928609718311,0.0308267616737416,0.06411449608074243,19-09-2012,0.0308267616737416
0.0300933961814709,0.0297972136036297,0.0321602684898171,0.0305235496260359,0.05473171875107673,20-09-2012,0.0305235496260359
0.0304392972636176,0.0297771751291174,0.029825066329427,0.0287446937537901,0.12074896761873202,21-09-2012,0.0287446937537901
0.0272041047894224,0.0288554073053993,0.0295382848167618,0.0300384071154234,0.08158397275478577,24-09-2012,0.0300384071154234
0.0253932129234845,0.0257494417521462,0.0257077325928326,0.0239741257327672,0.38343915672202533,25-09-2012,0.0239741257327672
0.0234398871307676,0.0235852865048183,0.0256053093071792,0.0237315564988881,0.09711622648273358,26-09-2012,0.0237315564988881
0.0237654410904351,0.0238658271518379,0.0258511202765281,0.0256519102486355,0.1130690161527163,27-09-2012,0.0256519102486355
0.0256170292360436,0.0265710172033028,0.0279200313169729,0.0272488397008287,0.29126595106616177,28-09-2012,0.0272488397008287
0.0271837576669431,0.0265710172033028,0.0287189149189322,0.0270062664240953,0.05280138983681803,01-10-2012,0.0270062664240953
0.0267361230071127,0.0265710172033028,0.0287189149189322,0.0282999777643015,0.04208806436268074,02-10-2012,0.0282999777643015
0.0276924357289236,0.0266912520580715,0.02921053685763,0.0272892642005255,0.06441093944971804,03-10-2012,0.0272892642005255
0.0282011137909039,0.0269918271719084,0.0280019662583311,0.0274914089347078,0.09808828497169975,04-10-2012,0.0274914089347078
0.0275907021512397,0.0264107094072044,0.0280634190006683,0.0264604790782292,0.05653795509227621,05-10-2012,0.0264604790782292
0.0258815438629857,0.0255891339560478,0.0279200313169729,0.027188194865575,0.05316677352415975,08-10-2012,0.027188194865575
0.0264105690474452,0.025028058673551,0.0271825963605013,0.0254093410147564,0.07407637208468604,09-10-2012,0.0254093410147564
0.0249252250370381,0.0242265156853643,0.0266909744218035,0.0254699818071558,0.026548916602896516,10-10-2012,0.0254699818071558
0.0260443208428193,0.0247475180265314,0.0271825963605013,0.0253082676369516,0.02289507972947788,11-10-2012,0.0253082676369516
0.0247827972143959,0.0242465561637241,0.0256462778020706,0.0239336951687891,0.05991603069222937,12-10-2012,0.0239336951687891
0.0241723835400194,0.0228839378930405,0.0243352880139678,0.023307054780675,0.09308321785829969,15-10-2012,0.023307054780675
0.0234602342532468,0.0229640937949371,0.0253185298429387,0.024782694562361,0.024873666866593255,16-10-2012,0.024782694562361
0.0246403673570413,0.0244669793833593,0.0262608031770181,0.0263189812007276,0.037882704942331064,17-10-2012,0.0263189812007276
0.0261460544205032,0.0247675565010437,0.0262198387789762,0.0247422700626641,0.04291534818307745,18-10-2012,0.0247422700626641
0.0237857882129143,0.0231845190184199,0.025236590804731,0.0241358399029714,0.06265985536321156,19-10-2012,0.0241358399029714
0.0241113421725817,0.0227837475243265,0.025359500386255,0.0243581968870022,0.024246309969458986,22-10-2012,0.0243581968870022
0.0228701656666373,0.0239059000931676,0.0253799846337007,0.0254497655144531,0.043466870730008794,23-10-2012,0.0254497655144531
0.0251897396639801,0.0238257481989658,0.0251341716159271,0.0234889832221548,0.06190151186118136,24-10-2012,0.0234889832221548
0.0237247448107644,0.0223829760302332,0.0255438586132666,0.0236911259349099,0.03165739419384594,25-10-2012,0.0236911259349099
0.0231753765732501,0.0223829760302332,0.024663033924675,0.0234081241156255,0.024742680261697233,26-10-2012,0.0234081241156255
0.0235212776553968,0.0234850941322568,0.0253799846337007,0.0249241944612896,0.04527310707120798,31-10-2012,0.0249241944612896
0.0246403673570413,0.0257694802266585,0.0270801771716974,0.027188194865575,0.06243235231260257,01-11-2012,0.027188194865575
0.0267157738499212,0.0258897090698848,0.0277971217354489,0.0265211239134829,0.0628597822864744,02-11-2012,0.0265211239134829
0.0277941693066074,0.029957521399728,0.0293948950846416,0.0317364059025671,0.13308239057447938,05-11-2012,0.0317364059025671
0.0294422902968482,0.0291960613721083,0.0306649204747025,0.0310289064079239,0.15204787215707333,06-11-2012,0.0310289064079239
0.0302358260388254,0.0308993276979584,0.0324265616581869,0.0318172650090963,0.11002874811275833,07-11-2012,0.0318172650090963
0.0302561731613046,0.0305586736312494,0.0326928609718311,0.0313523327269051,0.07966053787236348,08-11-2012,0.0313523327269051
0.0294219411396569,0.0286550205564289,0.0304600759518203,0.0293511218920557,0.051326067023777115,09-11-2012,0.0293511218920557
0.0287911823775134,0.0296369058075313,0.0310950876226384,0.0308671922377197,0.03015449525345867,12-11-2012,0.0308671922377197
0.0308258946254349,0.0307991373292444,0.0322422034311753,0.0319587649080249,0.06065369209874984,13-11-2012,0.0319587649080249
0.0321891477621178,0.0310395970195446,0.0332254514054205,0.0314938326258337,0.05189827166621809,14-11-2012,0.0314938326258337
0.0308462376784896,0.0296769847604034,0.0317915520357937,0.0303618354558317,0.05966784554611035,15-11-2012,0.0303618354558317
0.0305410328760137,0.0307991373292444,0.0319759102628053,0.0324236911259348,0.05447663957312129,16-11-2012,0.0324236911259348
0.0324129681441014,0.0333039466432813,0.0345364411935233,0.0346068283808368,0.0878230715669441,19-11-2012,0.0346068283808368
0.0338983060503718,0.033003365517902,0.0346798309256435,0.0347685465938952,0.05542801596657741,20-11-2012,0.0347685465938952
0.0335117147926912,0.0337447950863993,0.0354582343770065,0.0336971922377197,0.0582338869240894,21-11-2012,0.0336971922377197
0.0334913615660752,0.0324623347214598,0.0342496637777076,0.033009907014352,0.02149559126664009,23-11-2012,0.033009907014352
0.0324740054421145,0.0314002895607658,0.0340857897981417,0.0332929047907822,0.0260111821196386,26-11-2012,0.0332929047907822
0.0325350529136889,0.0321216766470559,0.0338809452752595,0.0330503375783302,0.05462141424169063,27-11-2012,0.0330503375783302
0.0322705382867468,0.0353879499964074,0.0346798309256435,0.0352334748332322,0.09697834584600064,28-11-2012,0.0352334748332322
0.0352005218890415,0.0348068322317034,0.03664631663201,0.036163329290479,0.0678993195590573,29-11-2012,0.036163329290479
0.0355871212855711,0.0353679075142001,0.0369330940478257,0.0364261168384879,0.08974650644936649,30-11-2012,0.0364261168384879
0.0361161424006062,0.0368106796829329,0.0379368262695166,0.0380432565191024,0.1356193942903625,03-12-2012,0.0380432565191024
0.0365027438318481,0.0364099081888396,0.0380392454583207,0.0365878350515463,0.07892287646584313,04-12-2012,0.0365878350515463
0.035973714577964,0.0351875612435895,0.0381007043459321,0.03620375783303,0.0374345928729495,05-12-2012,0.03620375783303
0.035973714577964,0.0364099081888396,0.0379368262695166,0.0365878350515463,0.03735875852274647,06-12-2012,0.0365878350515463
0.0369503744222541,0.0357887214905008,0.0386537708332682,0.0371336122902768,0.037634519796211935,07-12-2012,0.0371336122902768
0.0372148890491961,0.0364099081888396,0.0393297550958273,0.0379421871841519,0.05593128029065207,10-12-2012,0.0379421871841519
0.0375607860619182,0.0378126034085476,0.0399033119758833,0.0393773984232868,0.10024611693656771,11-12-2012,0.0393773984232868
0.0388019625678627,0.038413755640069,0.0409070441975742,0.0393369678593086,0.13410960131813862,12-12-2012,0.0393369678593086
0.0389036961455465,0.0374118319144543,0.0364005077110859,0.0360016191631291,0.14014187917519783,13-12-2012,0.0360016191631291
0.0358923240533348,0.0356083752198901,0.0381211844965284,0.0364059045886395,0.062356517962399445,14-12-2012,0.0364059045886395
0.035871978965568,0.0358087559573181,0.0384489324556602,0.0375985486153223,0.04869944089401773,17-12-2012,0.0375985486153223
0.036868983897625,0.0369509490045189,0.0394936249785437,0.037982615726703,0.09895693298311602,18-12-2012,0.037982615726703
0.037865996968531,0.0373316760125577,0.0400262195089825,0.0380230462906812,0.08137025776785001,19-12-2012,0.0380230462906812
0.0373776619596053,0.0363898737220222,0.0390634578306078,0.0376591873862946,0.055338393552701065,20-12-2012,0.0376591873862946
0.0362178780130023,0.0351474822907175,0.0381007043459321,0.0367899737214472,0.09471710340358308,21-12-2012,0.0367899737214472
0.0356074643386259,0.0355081748319388,0.0380392454583207,0.0373559712957347,0.017738343915671875,24-12-2012,0.0373559712957347
0.0362585722579607,0.0358087559573181,0.0379368262695166,0.0359611885991509,0.033291279739129424,26-12-2012,0.0359611885991509
0.0353226066586291,0.0346264859610928,0.0369126138972295,0.036163329290479,0.030512984908963883,27-12-2012,0.036163329290479
0.0350784432235908,0.034105489631468,0.036953582392121,0.0352132625833837,0.020378758109104583,28-12-2012,0.0352132625833837
0.0343052505346683,0.034746718812014,0.0369126138972295,0.0365271861734384,0.032843167669747965,31-12-2012,0.0365271861734384
0.0383746750305113,0.0377124130398336,0.0404154181620269,0.0395391166363452,0.07420046465774545,02-01-2013,0.0395391166363452
0.0387409232351372,0.0377124130398336,0.0404973572002346,0.0383464726096623,0.04298428850144397,03-01-2013,0.0383464726096623
0.0379677305462148,0.0364099081888396,0.0387971605653884,0.0375985486153223,0.03829634685252937,04-01-2013,0.0375985486153223
0.0379677305462148,0.0364099081888396,0.0387562002641959,0.0374772589448149,0.022302192991526866,07-01-2013,0.0374772589448149
0.0373573189065505,0.0358087559573181,0.0371379426675574,0.0361431170406306,0.08034994105602734,08-01-2013,0.0361431170406306
0.0363603058356446,0.0351875612435895,0.0377319878919087,0.0360622579341014,0.03995091449332269,09-01-2013,0.0360622579341014
0.0360754481556478,0.034786797764886,0.0376910173485925,0.0358399009500707,0.05542801596657741,10-01-2013,0.0358399009500707
0.036421353307219,0.0348869881336,0.0350895179229831,0.0345866181524155,0.09959807794392361,11-01-2013,0.0345866181524155
0.0344680315839266,0.0335644488157885,0.0366053460886939,0.0352941136042045,0.05560726079432992,14-01-2013,0.0352941136042045
0.0345290709166519,0.0353077940945107,0.0370764919736449,0.0365878350515463,0.1038034373642734,15-01-2013,0.0365878350515463
0.0360347518759771,0.0352677171454861,0.0384079639607687,0.0369921123913482,0.08684411904614134,16-01-2013,0.0369921123913482
0.0366655167422573,0.0365100985575536,0.0387971605653884,0.0375581180513442,0.09087712767057522,17-01-2013,0.0375581180513442
0.0378456539154762,0.036369831239815,0.0385923221877805,0.0378411158277744,0.23692029809793624,18-01-2013,0.0378411158277744
0.0374794036761381,0.0379127937772616,0.0394936249785437,0.0391954699818071,0.12420977160072472,22-01-2013,0.0391954699818071
0.0384153692754698,0.0392954545301523,0.0409275243481705,0.0408328279765514,0.09967391229412664,23-01-2013,0.0408328279765514
0.0404093872784328,0.0422611467541245,0.0427301401718206,0.0428340448756821,0.12767057558271783,24-01-2013,0.0428340448756821
0.0424440995263544,0.0419004542129032,0.0446966258781872,0.0428138265615524,0.08061191426581961,25-01-2013,0.0428138265615524
0.0421592418463575,0.0442449517231468,0.0448195354597111,0.0449363230240549,0.12874604454923355,28-01-2013,0.0449363230240549
0.0446822789296435,0.0437039129113148,0.0453726101407463,0.044774612896705,0.09018083045507463,29-01-2013,0.044774612896705
0.0441736008676631,0.0428222220366213,0.0459871355156938,0.0439053972104305,0.05857169448408478,30-01-2013,0.0439053972104305
0.0442142971473338,0.0425617198641141,0.0449629231434066,0.0438851788963007,0.05397337524904653,31-01-2013,0.0438851788963007
0.0448247087869979,0.043824145762236,0.0463763341687382,0.045482108348494,0.06770628666763148,01-02-2013,0.045482108348494
0.0452927007428688,0.0436638339584428,0.0463148834748257,0.0443501152213462,0.0695952513908705,04-02-2013,0.0443501152213462
0.0444788117742757,0.0441247268876153,0.0464992417018373,0.0451384697796643,0.08215617739722694,05-02-2013,0.0451384697796643
0.0448450599789016,0.0456075679899828,0.0469498992424933,0.0472407479280371,0.12234838300483235,06-02-2013,0.0472407479280371
0.0469001173145901,0.0461886857546869,0.0491007431758716,0.0478673943804325,0.07432455723080496,07-02-2013,0.0478673943804325
0.0474291465684741,0.0468299169390802,0.0494899397804912,0.0473822559126743,0.07040874714759399,08-02-2013,0.0473822559126743
0.0444381175293174,0.0451266506132301,0.0461305252478141,0.0457246775823731,0.21701033415372284,11-02-2013,0.0457246775823731
0.0453944343205527,0.0445655673153435,0.0457003580998781,0.0446533232261977,0.14772531419550067,12-02-2013,0.0446533232261977
0.04508922341394,0.0448260694878508,0.0472571568089051,0.045785326460481,0.05848207207020853,13-02-2013,0.045785326460481
0.0457810255782333,0.0443251076250435,0.0475849047680371,0.0454214675560945,0.06012974567916534,14-02-2013,0.0454214675560945
0.0454961678982365,0.0438441802290534,0.0450038936867229,0.0429351142106326,0.13092455860961127,15-02-2013,0.0429351142106326
0.0431765979703183,0.0454071872525548,0.0457413265947697,0.047463106933495,0.17806594830854916,19-02-2013,0.047463106933495
0.0471239356618615,0.0461285743388448,0.0480970109541807,0.0459672549019607,0.20706224621345276,20-02-2013,0.0459672549019607
0.0414064003493389,0.0415998730875239,0.0400671900522987,0.0391348291894077,0.6148993816053441,21-02-2013,0.0391348291894077
0.0398396698837271,0.0395960256362944,0.0422385141362733,0.0410551869820092,0.1674422452482882,22-02-2013,0.0410551869820092
0.0407145981850456,0.0403174127225845,0.0396575030549591,0.0375581180513442,0.19102672816143046,25-02-2013,0.0375581180513442
0.0372759283819215,0.0367305237810363,0.0385513516444642,0.0376591873862946,0.1823057778880819,26-02-2013,0.0376591873862946
0.0371741948042377,0.0376322571379369,0.0397804126364831,0.0390135395189002,0.1268984440170143,27-02-2013,0.0390135395189002
0.0401855668964492,0.0390149078715904,0.0397189537488716,0.0384677622801697,0.1272914038317026,28-02-2013,0.0384677622801697
0.0383746750305113,0.0369709914867261,0.0394731448279475,0.0381039053972103,0.09845366865904145,01-03-2013,0.0381039053972103
0.0379066912134894,0.0384738770751483,0.0403949380114307,0.0399838326258337,0.11300696986618641,04-03-2013,0.0399838326258337
0.0404093872784328,0.0406580627815986,0.0426277209830167,0.0421467596523145,0.13570901670423888,05-03-2013,0.0421467596523145
0.042464442579409,0.0425817623463213,0.0450448621816144,0.0442490378006872,0.07111193839493118,06-03-2013,0.0442490378006872
0.043929439467337,0.0441247268876153,0.0448605039546027,0.0453406104709924,0.07168414303737217,07-03-2013,0.0453406104709924
0.0446008965438633,0.0457077603625443,0.0458437478319984,0.0458257550030321,0.05471103665556689,08-03-2013,0.0458257550030321
0.0462490093952553,0.0457077603625443,0.048486217800924,0.0470992480291085,0.10072180513329583,11-03-2013,0.0470992480291085
0.0463100568668296,0.0455875335231655,0.0488958945561399,0.0471396785930866,0.0797363722225665,12-03-2013,0.0471396785930866
0.0465135240221972,0.0458079587466481,0.0488139637116312,0.0468566808166565,0.04849951397075509,13-03-2013,0.0468566808166565
0.0463100568668296,0.0446457232172401,0.0446351751842747,0.0425510369921163,0.13115895569205707,14-03-2013,0.0425510369921163
0.0417116010823903,0.0401170319851564,0.041439630534314,0.0393976167374165,0.2179272403879958,15-03-2013,0.0393976167374165
0.0389850866701755,0.0389347599850835,0.0408455853099627,0.0391146189609864,0.08256292527558853,18-03-2013,0.0391146189609864
0.0388833530924917,0.0380129841459757,0.040886555853279,0.0389731190620577,0.06756151199906213,19-03-2013,0.0389731190620577
0.0389036961455465,0.0389547964557485,0.0413372113455101,0.0407317586416009,0.08993264530895581,20-03-2013,0.0407317586416009
0.040307653700749,0.0409386074363131,0.0425253017942126,0.0408530382049726,0.07085685921697545,21-03-2013,0.0408530382049726
0.0408163317627294,0.0404176030912985,0.0434675751282921,0.0420861107742065,0.022178100418467454,22-03-2013,0.0420861107742065
0.042647566681722,0.0438642227112606,0.0446351751842747,0.0439256094602789,0.15582580160355158,25-03-2013,0.0439256094602789
0.0444381175293174,0.0432630704797392,0.0464582732069459,0.0445926844552253,0.11648845594368905,26-03-2013,0.0445926844552253
0.0443567270046882,0.043583686071936,0.0457413265947697,0.0451991105720638,0.081197906971934,27-03-2013,0.0451991105720638
0.0449467955912977,0.0433031494326112,0.0466426314339576,0.0446533232261977,0.07171171916471891,28-03-2013,0.0446533232261977
0.0533501592099257,0.0602156179132932,0.054733911223451,0.0568627450980392,0.9637856507621352,01-04-2013,0.0568627450980392
0.0558731962932116,0.0578510779208424,0.0584415538658563,0.0576915302203355,0.4504491461741567,02-04-2013,0.0576915302203355
0.0548558401692509,0.053783269598694,0.0516817542571857,0.0511421022842126,0.3809021530061425,03-04-2013,0.0511421022842126
0.0508067689000239,0.0513385737043465,0.0529108132007798,0.052981600970285,0.14796660530978298,04-04-2013,0.052981600970285
0.0526176607659618,0.0508376118415392,0.052275799481537,0.0516878896300788,0.09885352250556664,05-04-2013,0.0516878896300788
0.0525566214332363,0.051939725935868,0.0543447043767076,0.0526177521730341,0.10758136681075164,08-04-2013,0.0526177521730341
0.0522107162816652,0.0504969617825251,0.0519275713718089,0.0499292500505356,0.10876024625481685,09-04-2013,0.0499292500505356
0.049972536878376,0.0508576463083566,0.0525011282518649,0.0526783929654335,0.13805988156053287,10-04-2013,0.0526783929654335
0.0527397455355493,0.055947420838327,0.054836330412255,0.0561754598746714,0.22949542580987606,11-04-2013,0.0561754598746714
0.0551610510758636,0.0571296908345523,0.0574992805317769,0.0564988882150797,0.2089512109366917,12-04-2013,0.0564988882150797
0.055669729137844,0.0544445352499048,0.056393129121282,0.0555892439862542,0.10774682357483092,15-04-2013,0.0555892439862542
0.0570736785541975,0.0591335382857818,0.0592609278605356,0.0602183141297756,0.21108836080604992,16-04-2013,0.0602183141297756
0.059739153633687,0.0587528112777431,0.060551437498042,0.0599353163533454,0.13788063673278017,17-04-2013,0.0599353163533454
0.0607158155126892,0.0620591535607294,0.0622925944340808,0.0630078855872246,0.22401467049974808,18-04-2013,0.0630078855872246
0.0637271876049008,0.066627931761075,0.0657339500533904,0.0647463149383463,0.19945812909763988,19-04-2013,0.0647463149383463
0.0660467575328191,0.0672691629454684,0.067126878879701,0.0695168768950878,0.26341406244613996,22-04-2013,0.0695168768950878
0.0709300709972551,0.0727196220012702,0.0730877948864123,0.0711744451182534,0.24923993299001035,23-04-2013,0.0711744451182534
0.0707266038418875,0.0689724292713186,0.0696464413155275,0.0700020214271275,0.17314360957718863,24-04-2013,0.0700020214271275
0.0699127148732944,0.0716776293420208,0.0727600469272805,0.0731756620173842,0.18458080839417287,25-04-2013,0.0731756620173842
0.0752640101200401,0.0743627849266682,0.0730058558482047,0.0715585223367697,0.24153929942848443,26-04-2013,0.0715585223367697
0.0724764482362509,0.076867594240705,0.0741939462969072,0.0791186557509601,0.242752649031733,29-04-2013,0.0791186557509601
0.0811036322368625,0.0832598636024322,0.0794379074977433,0.0771983060440671,0.37256037448380913,30-04-2013,0.0771983060440671
0.0810832891838078,0.0788714416919346,0.0778811087887162,0.0757630867192237,0.18092007748891764,01-05-2013,0.0757630867192237
0.0767289968344068,0.0774286675193544,0.079315008158343,0.0774408752779462,0.20212611941841924,02-05-2013,0.0774408752779462
0.0820599490280978,0.0798332864646773,0.0809537459055778,0.0783302991712148,0.22475922593810516,03-05-2013,0.0783302991712148
0.0818971679788397,0.0862255578302518,0.0830021706501522,0.0883363654740246,0.29287226048409876,06-05-2013,0.0883363654740246
0.0933119057243914,0.0916559824192362,0.0822237671987891,0.0802708671922376,0.6806132930721875,07-05-2013,0.0802708671922376
0.0841557006087448,0.0832999425553043,0.083432337798088,0.0808368728522336,0.4585496335822076,08-05-2013,0.0808368728522336
0.1525627324880017,0.152031908128628,0.1508664762926257,0.1498686112795633,0.5673719261235549,20-05-2013,0.1498686112795633
0.1472317802943107,0.147002247018347,0.1440042574951512,0.1451182454012533,0.6121693449980351,21-05-2013,0.1451182454012533
0.1428978493103747,0.1489459810498871,0.1444549129873822,0.1444107499494642,0.5825112200368138,22-05-2013,0.1444107499494642
0.139723688030056,0.1530538743364498,0.1394362785084494,0.1555083949868607,0.8206448677379992,23-05-2013,0.1555083949868607
0.155879307347977,0.1598869861297525,0.1585890478217947,0.1597735920760057,0.6023729257581711,04-06-2013,0.1597735920760057
0.1577309036324346,0.1629929556907006,0.1518497283637204,0.160844962603598,0.8346121762390298,05-06-2013,0.160844962603598
0.1609660879677807,0.1655979493619091,0.1641402768311664,0.1648473782090155,0.6475150462244834,06-06-2013,0.1648473782090155
0.1665615466495649,0.1728719256291094,0.1673972639813407,0.174327877501516,0.730291686487008,07-06-2013,0.174327877501516
0.1684538290401319,0.1721104535784049,0.1712278243989689,0.1703052415605417,0.6280531943496516,10-06-2013,0.1703052415605417
0.1669277948541907,0.1644156853772261,0.1619689506987671,0.159025674145947,0.5015752862746717,11-06-2013,0.159025674145947
0.1641198980561959,0.1680226168009815,0.1654512666192693,0.1656155306246209,0.625578236920298,12-06-2013,0.1656155306246209
0.1685962588974864,0.1656179918441164,0.1641607651754616,0.166525166767738,0.4028251742466545,13-06-2013,0.166525166767738
0.1706309711454079,0.1721104535784049,0.1727846313016948,0.1708105983424297,0.44440308025342445,14-06-2013,0.1708105983424297
0.1779559311685007,0.176579039406189,0.1766151753319251,0.1746512977562158,0.4789766499141691,17-06-2013,0.1746512977562158
0.1741917175792704,0.1750360828802846,0.1725183258427765,0.177056800080857,0.5981813544014946,18-06-2013,0.177056800080857
0.1748224743067016,0.1804264225048548,0.1782744096171541,0.1796644430968263,0.5832626695070078,19-06-2013,0.1796644430968263
0.1800923871676672,0.1813481903285729,0.1730304320289201,0.1715180958156458,0.6885758998435054,20-06-2013,0.1715180958156458
0.1781594003585806,0.1744749935708557,0.1690360099222743,0.1692945279967657,0.7997145870819631,21-06-2013,0.1692945279967657
0.1635094782776825,0.17281181220942,0.164529481629485,0.173216086517081,0.48267185097860765,24-06-2013,0.173216086517081
0.1769385750445399,0.1754769172964704,0.1752837115385003,0.1750555932888619,0.39504181230308905,25-06-2013,0.1750555932888619
0.1783628837916462,0.1788233545631085,0.1796058897979769,0.1817667293309075,0.44701591831951065,26-06-2013,0.1817667293309075
0.1843652788188778,0.1876002003879512,0.1867139093226767,0.1889023650697392,0.5947067623558284,27-06-2013,0.1889023650697392
0.1880684551100949,0.1859770879601502,0.1879019997713792,0.1850818698200929,0.38814088643461325,28-06-2013,0.1850818698200929
0.1896758798206651,0.2026691272096545,0.1929001622934149,0.204932282191227,0.7435282276133551,01-07-2013,0.204932282191227
0.2077644696699748,0.2109249827164148,0.2059076553246125,0.2062259955528603,0.8235334670775507,02-07-2013,0.2062259955528603
0.2072557916079945,0.2056348274490165,0.2033880867435118,0.2010107095209217,0.3232060005653104,03-07-2013,0.2010107095209217
0.2079068995273294,0.2076987883199353,0.2063173341282531,0.210814627046695,0.4619139211184875,05-07-2013,0.210814627046695
0.2141127779876267,0.2115061004811189,0.2127084254765993,0.2138872063877097,0.5305440080522292,08-07-2013,0.2138872063877097
0.2207662788994809,0.2177981814779794,0.2190380661310329,0.217606624216697,0.5849448132751476,09-07-2013,0.217606624216697
0.2178159522441316,0.2136502172539344,0.2167438242718355,0.2152213402061856,0.3779032491572046,10-07-2013,0.2152213402061856
0.2212546057695576,0.2193411360000363,0.2199393607280972,0.2219729148979179,0.5077523388003004,11-07-2013,0.2219729148979179
0.2225161334674056,0.2270559607103545,0.2243639663700768,0.2306448231251263,0.7738895438219133,12-07-2013,0.2306448231251263
0.2378375146595422,0.2337087202215042,0.229095823433194,0.2253082716798058,0.6758839872322528,15-07-2013,0.2253082716798058
0.2132988890190336,0.2126082225908374,0.2073005841509231,0.2086719203557711,0.7776192150455351,18-07-2013,0.2086719203557711
0.2082731477319553,0.2082398351471572,0.207976568413482,0.2099858500101071,0.3979097295471308,19-07-2013,0.2099858500101071
0.2111013957218539,0.2205234140116515,0.2148797495605739,0.2155447746108752,0.6672940235638007,22-07-2013,0.2155447746108752
0.2194640650955234,0.2182791008585795,0.2188536997103223,0.2161714129775621,0.525180451283324,23-07-2013,0.2161714129775621
0.2204203818867588,0.2161550265679712,0.2142242556907348,0.2140691267434809,0.465381619132317,24-07-2013,0.2140691267434809
0.2121391050724306,0.2166559884307785,0.2155147714735156,0.2188599151000606,0.3561318966170983,25-07-2013,0.2188599151000606
0.2278877717672061,0.2285387897896372,0.2286656562852581,0.2296139053972104,0.6559395531288563,26-07-2013,0.2296139053972104
0.2302887484974515,0.2379368383435984,0.2320250708179353,0.2401859611885991,0.6590970197100369,29-07-2013,0.2401859611885991
0.2414389634772122,0.2421850149786794,0.2318816667468418,0.2343642712755204,0.8968101314691871,30-07-2013,0.2343642712755204
0.2369015633031963,0.2371353113861914,0.2385800238552989,0.2394986840509399,0.4297187924413832,31-07-2013,0.2394986840509399
0.2418458998226597,0.2402412809471394,0.2409971814412946,0.2420659045886395,0.35884125112889764,01-08-2013,0.2420659045886395
0.2410116596621629,0.2437079290223766,0.2430046294972785,0.2470183949868607,0.42407947439901267,02-08-2013,0.2470183949868607
0.2520397980111852,0.2570134740946929,0.2553771006155343,0.2605215140489186,0.6950700778336194,05-08-2013,0.2605215140489186
0.2616843442398943,0.2586966999421832,0.258347341076264,0.255407305437639,0.6298387485953411,06-08-2013,0.255407305437639
0.2772498807282201,0.2791760228975959,0.2791388399431451,0.2773398019001415,0.6073090525532048,09-08-2013,0.2773398019001415
0.2713492274175212,0.2669325129667365,0.2652095455347654,0.2620375843945826,0.594982523629294,13-08-2013,0.2620375843945826
0.2575538804113259,0.256913275710589,0.252099639460038,0.2497675379017586,0.7980048671864766,14-08-2013,0.2497675379017586
0.2447555240942017,0.254428524909539,0.2458519378438121,0.2503941742470184,0.6935878609887419,15-08-2013,0.2503941742470184
0.2553360521999405,0.2550497136117252,0.2580810356173456,0.2551041034970689,0.48186524925372093,16-08-2013,0.2551041034970689
0.2589985098296521,0.262003066271339,0.2618911076906786,0.2609662300384072,0.5459521692071174,19-08-2013,0.2609662300384072
0.2696197097985146,0.266812288131205,0.2704330347787041,0.2704265251667678,0.43430332361274804,20-08-2013,0.2704265251667678
0.2723665835414821,0.2678743252765092,0.2688967162202734,0.2669496684859511,0.4238312892528935,21-08-2013,0.2669496684859511
0.2707795100228156,0.2822419074941296,0.2727682369390942,0.2856276652516678,0.7220740005377344,22-08-2013,0.2856276652516678
0.2866095692769324,0.291900466235988,0.2868204327352989,0.2952092096219932,0.8833598753559043,23-08-2013,0.2952092096219932
0.3013001937416378,0.3028214288336462,0.3022040923249284,0.3037396361431171,0.642351416378841,29-08-2013,0.3037396361431171
0.3056748128663955,0.3057470601393734,0.3051743327856581,0.3096826359409743,0.7521319793454806,30-08-2013,0.3096826359409743
0.3199788379345713,0.3147443151569192,0.3101724625328979,0.3095613543561755,0.8233266461224517,03-09-2013,0.3095613543561755
0.3125928528217388,0.310576308450667,0.3084517939411544,0.312957337780473,0.7829689837507671,04-09-2013,0.312957337780473
0.3132643119329775,0.3103358567757568,0.3139620606009089,0.3115625490196079,0.4527172826484112,05-09-2013,0.3115625490196079
0.3101512042283697,0.3067289253520014,0.3076119316021799,0.3055791408934707,0.5860754344963564,06-09-2013,0.3055791408934707
0.2990619980606506,0.2963089246171503,0.2940103933466311,0.2929047847180109,0.980744969080267,09-09-2013,0.2929047847180109
0.2956640326760463,0.3023204669708388,0.2983530742893762,0.3043662724883768,0.6100735593196969,10-09-2013,0.3043662724883768
0.3057562196687225,0.3031219939282459,0.3014257114062376,0.2986052233676977,0.3939249791455535,11-09-2013,0.2986052233676977
0.3008525550123829,0.3008376098376918,0.2981072428357797,0.3014554133818476,0.4165029334105463,12-09-2013,0.3014554133818476
0.2983498670862883,0.3000561093317122,0.3014871621001501,0.3026884839296543,0.3641910198341295,13-09-2013,0.3026884839296543
0.3089914040040687,0.3090333679555423,0.3090458535044789,0.3047907863351526,0.5140465898671519,16-09-2013,0.3047907863351526
0.3030500483095625,0.3041640026182751,0.3039452656483651,0.3040832747119467,0.37078860830179305,17-09-2013,0.3040832747119467
0.3070991358564875,0.302220268586735,0.3056659342401085,0.3040630705478067,0.3668452220912354,18-09-2013,0.3040630705478067
0.3311697552981393,0.3390509947595701,0.3350813156206208,0.3387709702850212,0.9157480369244343,20-09-2013,0.3387709702850212
0.3425234537109659,0.338349636128555,0.3321111058862622,0.3341621204770568,0.5553073704094365,23-09-2013,0.3341621204770568
0.3316580964112018,0.3373076574962377,0.3332172409093591,0.3366282635940975,0.424320765513295,24-09-2013,0.3366282635940975
0.3406515225123026,0.3399928050654954,0.3390552637219445,0.3425106225995553,0.5607743376558911,25-09-2013,0.3425106225995553
0.3470405169360638,0.3467657894121765,0.3495227162151441,0.3493834627046695,0.44782941407623394,26-09-2013,0.3493834627046695
0.3487089952223451,0.3499719573572283,0.3512024081182971,0.3539518779058015,0.39970907185649374,27-09-2013,0.3539518779058015
0.3517203612104199,0.3564243481540348,0.354418449306252,0.3589448049322822,0.6071022315981053,30-09-2013,0.3589448049322822
0.3618125482030962,0.355883301326813,0.3551763562196208,0.3581968870022237,0.5265247874914686,01-10-2013,0.3581968870022237
0.3260829746783357,0.3297330860767259,0.3229751171864874,0.3338993248433394,0.985536321206731,04-10-2013,0.3338993248433394
0.3384133573519992,0.3408544454425919,0.338563631541123,0.3381241297756217,0.7836514929025944,07-10-2013,0.3381241297756217
0.3423606726617075,0.339251361470066,0.3241222616729708,0.3212654052961391,0.9402563201036862,08-10-2013,0.3212654052961391
0.3193480812071401,0.318852208443482,0.3169117963299454,0.317626830402264,0.6042894666087566,10-10-2013,0.317626830402264
0.3186562871816958,0.3259458143939023,0.3200049074521289,0.3292904730139478,0.5648004522484882,11-10-2013,0.3292904730139478
0.3232343897395191,0.332378178739281,0.326047754303349,0.3313523367697595,0.5274692698530882,14-10-2013,0.3313523367697595
0.3441512296134397,0.3449823651805823,0.3445450276984305,0.3398827612694563,0.7486918574589976,15-10-2013,0.3398827612694563
0.3433780287856684,0.3419966525167249,0.3423122508721188,0.339114610875278,0.5575134605971609,16-10-2013,0.339114610875278
0.3406108180937829,0.3369870338886512,0.3400590020889096,0.3375783363654741,0.4540754069202288,17-10-2013,0.3375783363654741
0.3418519945997272,0.3393115049474672,0.3431930898996836,0.3387911744491611,0.4007018124409698,18-10-2013,0.3387911744491611
0.3400818051175968,0.3341616009670278,0.3195952286484883,0.3169597857287246,0.7868572177066313,21-10-2013,0.3169597857287246
0.3140781846238725,0.3229200167656305,0.3095784336959445,0.3148170466949667,0.7768332954161582,22-10-2013,0.3148170466949667
0.3108430002885262,0.310957045477943,0.2973698078793083,0.3005862138669902,0.9101431890412468,23-10-2013,0.3005862138669902
0.3028872672603043,0.3163473991294451,0.3028596025821654,0.3180715463917526,0.7381577768126133,24-10-2013,0.3180715463917526
0.3216269813066469,0.3163473991294451,0.3109918508665503,0.3110167859308672,0.5154667604254995,25-10-2013,0.3110167859308672
0.3134270624615518,0.3083320093245273,0.3015690847509599,0.297271075399232,0.5324398668073049,28-10-2013,0.297271075399232
0.2983295016513989,0.298212573684276,0.2827235832461502,0.3005255730745907,0.9646956629645715,29-10-2013,0.3005255730745907
0.3021344339021345,0.302681145485128,0.29331393507875,0.2899130806549424,0.5710533391243199,30-10-2013,0.2899130806549424
0.2839033979177723,0.2921810028753126,0.2833381168147967,0.291368510208207,0.6353057158417958,31-10-2013,0.291368510208207
0.2988178427644613,0.2991142990257869,0.297902418797145,0.2958762846169395,0.4868634223352842,01-11-2013,0.2958762846169395
0.3028872672603043,0.3181308213571919,0.305706910928699,0.3222154780675157,0.8963551253679689,04-11-2013,0.3222154780675157
0.2540541733101886,0.2580755112399971,0.2501536420979667,0.2605619506771781,0.9568295726389662,11-11-2013,0.2605619506771781
0.2537286112116723,0.2519637705022048,0.2485968188078428,0.2484333879118657,0.8644978042508599,13-11-2013,0.2484333879118657
0.2498219677650875,0.2480161890194352,0.2440288418695656,0.2462098362644026,0.833157535521499,14-11-2013,0.2462098362644026
0.245610129689588,0.2431067687754654,0.2445204740503872,0.2418637497473216,0.6743535121645192,15-11-2013,0.2418637497473216
0.2236962706406246,0.2220663705375559,0.2132000433184475,0.2128764928239336,0.9466264055207406,20-11-2013,0.2128764928239336
0.2172055324656184,0.2167361443326752,0.2156376728613406,0.2148776996159288,0.8124823340434185,21-11-2013,0.2148776996159288
0.2145400655249779,0.2126482935283197,0.2108853274539281,0.2134222700626643,0.756840603089905,22-11-2013,0.2134222700626643
0.2204814212194842,0.2188401741372289,0.2157401002438435,0.212330697392359,0.699661503036821,25-11-2013,0.212330697392359
0.2100636884059894,0.2125881801086302,0.2071367060745076,0.2116434202546998,0.9491013629500941,26-11-2013,0.2116434202546998
0.2139906850791901,0.2210644468119411,0.2141423166525271,0.2246614149989892,0.8444568537017504,27-11-2013,0.2246614149989892
0.2312043629048794,0.228358449530569,0.2294235775376001,0.2253486941580756,0.6616684935851034,29-11-2013,0.2253486941580756
0.2242456348087145,0.224270614756993,0.2231758759213741,0.2190620537699616,0.5262007679951465,02-12-2013,0.2190620537699616
0.2608094322162737,0.2560916922440426,0.2502150927918792,0.2489387446937538,0.8982371960593714,04-12-2013,0.2489387446937538
0.2523246556911819,0.2539275630467316,0.2550698491943966,0.2520315261774812,0.6321758253879616,05-12-2013,0.2520315261774812
0.2550918663830674,0.2522042522348268,0.2485148961570329,0.2457246836466546,0.5371209144243827,06-12-2013,0.2457246836466546
0.2459153243185027,0.2506211967175759,0.2442336966345715,0.2542955447746109,0.6165332671506276,09-12-2013,0.2542955447746109
0.2521212027788,0.2589772365815079,0.2558072841508682,0.2554881786941581,0.7328149021392181,10-12-2013,0.2554881786941581
0.2558447302619208,0.2533264027998204,0.2550493751890745,0.2503537376187589,0.4839127767092024,11-12-2013,0.2503537376187589
0.2514090412837539,0.2637263750793963,0.2530828751437348,0.2661613119062058,0.7341661323791994,12-12-2013,0.2661613119062058
0.2683989007621719,0.2708600679980784,0.2710885450359412,0.2665251546391753,0.7220395303785512,13-12-2013,0.2665251546391753
0.2692738127857924,0.2681147769514195,0.2685894647991357,0.2671113846775823,0.45202787946474704,16-12-2013,0.2671113846775823
0.2674425839709367,0.2765309602927527,0.2690401202913668,0.2762482454012532,0.7153592135288479,17-12-2013,0.2762482454012532
0.2769243491503874,0.2770719770622626,0.2682821826516269,0.2671922296341217,0.7902904455612777,18-12-2013,0.2671922296341217
0.2660589633646519,0.2612415942206345,0.2542504915871153,0.2525166787952294,0.870130228261394,19-12-2013,0.2525166787952294
0.2552343104834076,0.2559314104979611,0.2593305767599608,0.2576106832423691,0.5028575761962866,20-12-2013,0.2576106832423691
0.2618878276729599,0.2597186801769374,0.2614199781931256,0.258237321609056,0.3631086568357772,23-12-2013,0.258237321609056
0.2723665835414821,0.2772122604107809,0.276209606897377,0.2741257408530423,0.6772007473130509,24-12-2013,0.2741257408530423
0.2826215190280206,0.2832839161841588,0.2853660368276779,0.2823933697190217,0.4833405720667617,26-12-2013,0.2823933697190217
0.2831505645596027,0.2782742975560852,0.2782170549533608,0.273539508793208,0.3682584986177465,27-12-2013,0.273539508793208
0.2746454510855928,0.2768916388070419,0.278114627570858,0.2762078067515666,0.29982144457543086,30-12-2013,0.2762078067515666
0.2770871301996456,0.273665442406715,0.2738334280483965,0.2721447200323429,0.28568178527848426,31-12-2013,0.2721447200323429
0.2719596471960346,0.2722226702379823,0.2695112497889199,0.2714776753588034,0.4184608384521518,02-01-2014,0.2714776753588034
0.2723665835414821,0.2716415665002105,0.2737105266605715,0.2703860885385082,0.3155053670037847,03-01-2014,0.2703860885385082
0.2723665835414821,0.26805466353173,0.266827817470377,0.2652112391348292,0.3614265130676371,06-01-2014,0.2652112391348292
0.2675239582178676,0.26805466353173,0.266848291475699,0.2699818091772791,0.3388830289618276,07-01-2014,0.2699818091772791
0.2700266766646458,0.2746673661323296,0.2740382520870313,0.2738629452193249,0.4167235424293189,08-01-2014,0.2738629452193249
0.2774533641612858,0.2741263193051079,0.2701257833575665,0.2662825934910046,0.3628673657214948,09-01-2014,0.2662825934910046
0.2692331409226686,0.2650488923548858,0.2607030172419761,0.2626238144329897,0.5051670768615608,10-01-2014,0.2626238144329897
0.2637800958205412,0.2612415942206345,0.2516285099624849,0.2497270992520719,0.4272645171075396,13-01-2014,0.2497270992520719
0.2978004866405006,0.3127404677056897,0.3019787635546005,0.313664849403679,0.8163154157445898,16-01-2014,0.313664849403679
0.3134474278964413,0.3137423914313045,0.3133475270322623,0.3117242672326663,0.6265089312182442,17-01-2014,0.3117242672326663
0.3155838818608955,0.3219381194914433,0.3192060238501697,0.3252071821305842,0.6629438894748813,21-01-2014,0.3252071821305842
0.3289519270867539,0.3280098053225329,0.3272972954459641,0.3290074752375177,0.4759708520333945,22-01-2014,0.3290074752375177
0.327771789913535,0.3321377270643708,0.3245524124335087,0.334950475035375,0.534211632989321,23-01-2014,0.334950475035375
0.3290333318543688,0.3283303988724076,0.3247777412038367,0.3210026399838286,0.5202098543291072,24-01-2014,0.3210026399838286
0.3235599518380356,0.3232005534049551,0.3067106513440888,0.310935910652921,0.5927419632823863,27-01-2014,0.310935910652921
0.316112896871794,0.3253246276955635,0.3195952286484883,0.3286436325045483,0.4119115082073446,28-01-2014,0.3286436325045483
0.3238448095180324,0.3255450509151987,0.3239583835965554,0.3222761188599152,0.40102583193729163,29-01-2014,0.3222761188599152
0.3293385264832836,0.3369469489242367,0.3319062511212563,0.3376591793005862,0.5823043990817149,30-01-2014,0.3376591793005862
0.3310680441022904,0.3393916448185842,0.3349788882381178,0.3347685546796037,0.4405493164567431,31-01-2014,0.3347685546796037
0.3392882673409074,0.3371473456924445,0.3281166837796165,0.3260764119668486,0.45820493199037576,03-02-2014,0.3260764119668486
0.3348322434485348,0.3305747280562592,0.3302470311750006,0.3293511138063473,0.31490558623399706,04-02-2014,0.3293511138063473
0.3299489462617967,0.3285508220920429,0.3162358141158112,0.3206387669294522,0.49288880616050657,05-02-2014,0.3206387669294522
0.3258795217659538,0.3275889853346901,0.3298373523713599,0.3286436325045483,0.3945523360426877,06-02-2014,0.3286436325045483
0.3354630001759661,0.3406540787320961,0.3372116937423761,0.3451182514655347,0.6073642048078977,07-02-2014,0.3451182514655347
0.3524121552358642,0.3660428219314787,0.3571223843080634,0.3653931635334547,0.8860347597085201,10-02-2014,0.3653931635334547
0.3720064443569093,0.3718539675169594,0.3640460394604772,0.3655144430968264,0.7301744879457854,11-02-2014,0.3655144430968264
0.3655157082166154,0.3639788610605597,0.3673645080309351,0.3628866120881343,0.3485070974057754,12-02-2014,0.3628866120881343
0.3605510042275502,0.3728959762069885,0.3651726792152673,0.3715989589650293,0.5453730705328397,13-02-2014,0.3715989589650293
0.3702362548747789,0.3712127523633456,0.372854272007421,0.3687689427936123,0.4163650527738135,14-02-2014,0.3687689427936123
0.3847640982902261,0.3794685938431738,0.38178540594219,0.3798261512027491,0.6352367755234293,18-02-2014,0.3798261512027491
0.39778624446865,0.3954592884885952,0.3978245737406318,0.3917525894481504,0.5308611335167144,21-02-2014,0.3917525894481504
0.3919262650557872,0.4042361503442175,0.3960424544549758,0.4080250535678189,0.5625461038379075,24-02-2014,0.4080250535678189
0.4751256468385844,0.4730081788396337,0.4661600252680565,0.4629270224378412,0.9976560291755429,28-02-2014,0.4629270224378412
0.4499155641215495,0.4709442179687148,0.450673938295924,0.4745502284212655,0.8942110814667743,03-03-2014,0.4745502284212655
0.4930921905778394,0.4876763562095656,0.4872178295938559,0.4832019324843341,0.594755020578685,04-03-2014,0.4832019324843341
0.4895110766743751,0.4816447553428903,0.485107954155369,0.4787952375176876,0.401039620000965,05-03-2014,0.4787952375176876
0.4842615150053131,0.482666737581492,0.480294143715071,0.4793612330705478,0.4993071498004174,06-03-2014,0.4793612330705478
0.4818198664119441,0.4773565538588185,0.4699700973413894,0.4657570386092582,0.5304130214473328,07-03-2014,0.4657570386092582
0.4609844028196668,0.4536109495386645,0.4528657384336453,0.4508590984435012,0.524608246640883,10-03-2014,0.4508590984435012
0.4483691929866904,0.4568171174837164,0.4454299463687167,0.4419041924398626,0.5992016711133169,11-03-2014,0.4419041924398626
0.438195631747083,0.4626282630691972,0.4427260420932766,0.4562158985243582,0.6643020137466995,12-03-2014,0.4562158985243582
0.4632022310310523,0.4559955320133224,0.4486459875566717,0.4487365938952901,0.42176307970190186,13-03-2014,0.4487365938952901
0.4459071769237197,0.4414676379919088,0.4370109493464626,0.4349504770568022,0.5633251294354475,14-03-2014,0.4349504770568022
0.4452153828982753,0.4434514289339988,0.4414765009506615,0.4410349626035981,0.3994470986467013,17-03-2014,0.4410349626035981
0.4492848073941183,0.4506051783618202,0.4507353889898365,0.4532848049322823,0.42217672161210024,18-03-2014,0.4532848049322823
0.4583189338443142,0.4507053767459241,0.4476422491897065,0.444794817060845,0.34144760880505726,19-03-2014,0.444794817060845
0.447677398961246,0.4460965215965539,0.4473349977685688,0.4429149060036386,0.25503781376462353,20-03-2014,0.4429149060036386
0.4473925392465371,0.4399847808587617,0.4353312267169384,0.4307459045886396,0.5583062742583744,21-03-2014,0.4307459045886396
0.4346348853132204,0.4273605359044736,0.4000368765616215,0.4131190580149586,0.7728416509827442,24-03-2014,0.4131190580149586
0.4232201475676685,0.4216495887030966,0.4156663368784763,0.4136648514251062,0.5340737523525882,25-03-2014,0.4136648514251062
0.4187641236752961,0.4127324735566678,0.4022491793826114,0.3985445866181524,0.4680220333257497,26-03-2014,0.3985445866181524
0.3992715762707838,0.3946978464956026,0.3851448204748672,0.3871437376187589,0.6464671533853142,27-03-2014,0.3871437376187589
0.400146518815088,0.4009498405242012,0.4000368765616215,0.3973519203557712,0.6595037675883987,28-03-2014,0.3973519203557712
0.4076749480282608,0.4010099539438906,0.3920889783105494,0.3894279300586214,0.5695504401839327,31-03-2014,0.3894279300586214
0.392455308552657,0.403835386865514,0.3965750346464415,0.4066504972710734,0.5000172350795913,01-04-2014,0.4066504972710734
0.4147964408959859,0.429344354900428,0.4159736190259852,0.4335758904386498,0.7351657669955118,02-04-2014,0.4335758904386498
0.435753983153714,0.4390429705528363,0.4240648906217796,0.4236911138063473,0.7449139280125194,03-04-2014,0.4236911138063473
0.4270250513324328,0.4240942845974441,0.4020443246176055,0.397068922579341,0.7739998483312996,04-04-2014,0.397068922579341
0.3859238700285555,0.3999078318341721,0.3861895068524763,0.387548016979988,0.6712718799335414,07-04-2014,0.387548016979988
0.3945510601333038,0.4004889636258082,0.3921504290044619,0.4035981544370325,0.4667811075951546,08-04-2014,0.4035981544370325
0.4082039630391591,0.4044164885994384,0.4013068896611339,0.4065696240145543,0.3474178403755867,09-04-2014,0.4065696240145543
0.4083260701905814,0.4025128395323127,0.3867630616841077,0.3808166606023853,0.4889936781728054,10-04-2014,0.3808166606023853
0.3753433724435006,0.3814724412944032,0.3761317638892885,0.3799878694158076,0.6169262269653162,11-04-2014,0.3799878694158076
0.389566021230033,0.3843579856318686,0.3675488601126725,0.3684859429957551,0.5228778446498864,14-04-2014,0.3684859429957551
0.3722505996530987,0.3660227634184918,0.3468802605851918,0.3600363937740044,0.9335070629356167,15-04-2014,0.3600363937740044
0.3679980591937918,0.3674254806805218,0.3601950214249249,0.3705478087729938,0.4883525332119981,16-04-2014,0.3705478087729938
0.373308660195579,0.3720343057721803,0.3668728758501136,0.3685465837881544,0.4004260511675041,17-04-2014,0.3685465837881544
0.36816084024305,0.3798693573218774,0.3667089977736981,0.3812007378209016,0.3543325543077354,21-04-2014,0.3812007378209016
0.3870429678690491,0.4061798843757576,0.3892621439693378,0.4100262765312311,0.6677697117605289,22-04-2014,0.4100262765312311
0.4073290510155386,0.4009899254886156,0.3933385194531645,0.3884980897513644,0.4947915589474189,23-04-2014,0.3884980897513644
0.396097431268163,0.3930947625230766,0.3855544992785078,0.3882352961390743,0.37067140976057,24-04-2014,0.3882352961390743
0.3781716204333992,0.380871281047492,0.374185735800846,0.3720436749545179,0.47418529778770496,25-04-2014,0.3720436749545179
0.3741021959375563,0.3750400769490245,0.3595395111676879,0.3693349403678997,0.4773082942097025,28-04-2014,0.3693349403678997
0.3704600752567624,0.3817730063890029,0.3698430855844721,0.3863351485748938,0.3902435661447882,29-04-2014,0.3863351485748938
0.381427172238347,0.3837969123532192,0.3816215278657745,0.3882959349100465,0.2979669500113749,30-04-2014,0.3882959349100465
0.3885079627222648,0.395539458417424,0.3906550871346216,0.3879725005053568,0.36685901015490885,01-05-2014,0.3879725005053568
0.3916007334779544,0.3902092181856113,0.3923552837694678,0.3944006549423893,0.273575865373346,02-05-2014,0.3944006549423893
0.393391259909003,0.4028935745557412,0.3964521332586165,0.4059227835051547,0.34666639090539286,05-05-2014,0.4059227835051547
0.4078784314613264,0.4048373105911287,0.3930312680320268,0.3870628643622398,0.3804264648094142,06-05-2014,0.3870628643622398
0.3937168199728071,0.3878847471267952,0.3733663781935646,0.3750758156458461,0.6935947550205787,07-05-2014,0.3750758156458461
0.3331230932991299,0.3341816294223028,0.3323364326081654,0.3364867495451789,0.577492364859741,09-05-2014,0.3364867495451789
0.3412822772050214,0.3417762272932422,0.3377852506224322,0.3413583949868607,0.47457136357055657,12-05-2014,0.3413583949868607
0.3410584588577501,0.3500921821927598,0.3441763255833804,0.3524560420456843,0.48111379978352725,13-05-2014,0.3524560420456843
0.3516186194938871,0.3543804157383909,0.3525748793266836,0.353385880331514,0.36457019158514464,14-05-2014,0.353385880331514
0.3537143710745341,0.3527372768591623,0.3488877086411756,0.3492823852840105,0.408257671333926,15-05-2014,0.3492823852840105
0.3516186194938871,0.3514948693970781,0.353844892426196,0.3552860278956943,0.30121403900643196,16-05-2014,0.3552860278956943
0.3552200683115571,0.3612135415586257,0.3585152987954008,0.3644430887406509,0.30700502574920857,19-05-2014,0.3644430887406509
0.367875980528341,0.366102935351168,0.3648039771002171,0.3628461754598747,0.3741804719654193,20-05-2014,0.3628461754598747
0.3663295809075104,0.3671849989478998,0.3683272389829385,0.3712350859106529,0.35620773096730146,21-05-2014,0.3712350859106529
0.3748143574326023,0.3812319896194929,0.378098235256682,0.3822114513846776,0.42026018076151456,22-05-2014,0.3822114513846776
0.3833194403859283,0.3829953553381004,0.38412060810258,0.3871033009904993,0.26806063990403495,23-05-2014,0.3871033009904993
0.3914379524286963,0.3952388632651125,0.3947724106290923,0.3957145704467354,0.36004770670030933,27-05-2014,0.3957145704467354
0.3944900208005785,0.3930346491033872,0.3897742501554814,0.3930463007883566,0.37066451572873343,28-05-2014,0.3930463007883566
0.3956091186410721,0.3924735738208904,0.3948133873176828,0.3930463007883566,0.2463926978414783,29-05-2014,0.3930463007883566
0.3950597381952843,0.3971024574255355,0.3933794961417549,0.3880533737618759,0.3765933831082431,30-05-2014,0.3880533737618759
0.3890166407842452,0.3861814948278772,0.3824204114677338,0.3818475783303012,0.3136508724397286,02-06-2014,0.3818475783303012
0.3812033518563634,0.3834762887456327,0.3843049581358927,0.3823327309480493,0.25799535342254204,03-06-2014,0.3823327309480493
0.3829532064242882,0.3799895841612561,0.3798189038484254,0.3804123812411563,0.22811661944254819,04-06-2014,0.3804123812411563
0.3831973617204775,0.3858808996755657,0.3872956726019445,0.3862947119466343,0.2713559871219482,05-06-2014,0.3862947119466343
0.3939406403547907,0.3891070960758926,0.3937072215682147,0.388861932484334,0.20373932286819257,06-06-2014,0.388861932484334
0.3902781522043952,0.3874639551928167,0.3876029240230821,0.3830806508995352,0.18525642351416352,09-06-2014,0.3830806508995352
0.3831159569528627,0.3814123278747138,0.3821746107405086,0.3769961653527391,0.23413510923593417,10-06-2014,0.3769961653527391
0.3771542643094385,0.3774647463919443,0.3774632276827134,0.3813826581766727,0.2660406885758997,11-06-2014,0.3813826581766727
0.3844792406102293,0.3872435319731814,0.3845507916379137,0.3794623084697797,0.4050381584662157,12-06-2014,0.3794623084697797
0.3838281184479086,0.3810516193027128,0.3822360614344211,0.3853244350111179,0.23617574265957947,13-06-2014,0.3853244350111179
0.3878568405599443,0.4185235906868735,0.3918226749000558,0.4220942005255711,0.9050416054821339,16-06-2014,0.4220942005255711
0.4231591102696555,0.4386622335255604,0.4258060639452162,0.4363654699818072,0.9090746141065678,17-06-2014,0.4363654699818072
0.438195631747083,0.4309875258412157,0.4325043903273021,0.427167970487164,0.4702901698000039,18-06-2014,0.427167970487164
0.4328646958310899,0.4382013586310149,0.4343070143446512,0.4285223226197696,0.5980296857010884,19-06-2014,0.4285223226197696
0.432132197387126,0.4301458818578352,0.4326682684037176,0.4321608975136447,0.32990699951052355,20-06-2014,0.4321608975136447
0.4341465442001579,0.4455755312784715,0.4368060945814567,0.4475843966040024,0.5289514866979652,23-06-2014,0.4475843966040024
0.4533949342737687,0.4513666504125248,0.4437912311541542,0.4380432585405296,0.5485856893687135,24-06-2014,0.4380432585405296
0.441349441835498,0.4426899869410062,0.4409439207591958,0.446917321609056,0.39179472330803206,25-06-2014,0.446917321609056
0.4497324461233732,0.4484009341423831,0.4490761710920054,0.4443096947645037,0.34490151875521335,26-06-2014,0.4443096947645037
0.444686367887377,0.4475994071849761,0.4496701999289589,0.4513038164544168,0.38030926626819145,27-06-2014,0.4513038164544168
0.4545750714469876,0.4565966922602337,0.4588881112795433,0.4533252435819689,0.32471579353753427,30-06-2014,0.4533252435819689
0.4604960922272881,0.4544926464249003,0.4582735777108968,0.4526379644228825,0.29076268674208733,01-07-2014,0.4526379644228825
0.4568336040768926,0.4522683757540356,0.4344504184157446,0.431837463108955,0.5452420839279436,02-07-2014,0.431837463108955
0.4377683279320338,0.4313682308069325,0.4281617401109283,0.4314736203759855,0.3480245151772109,03-07-2014,0.4314736203759855
0.430056782755397,0.4271200842295634,0.4207873987399121,0.418152423691126,0.39814412662957643,07-07-2014,0.418152423691126
0.4120495671530184,0.4094461657404989,0.4082305755399189,0.4108955063674954,0.5320606950562897,08-07-2014,0.4108955063674954
0.4173805335896952,0.4159786964084223,0.4183497999233904,0.418960982413584,0.27554755847862467,09-07-2014,0.418960982413584
0.4090585381138616,0.4119710015059634,0.4118562648051433,0.4116838629472408,0.3271493867758678,10-07-2014,0.4116838629472408
0.4160376174019303,0.4107286261054384,0.4150518340362009,0.4089953608247423,0.21949218561491277,11-07-2014,0.4089953608247423
0.4147761039470679,0.4251362632297615,0.4106477023995435,0.4263189751364464,0.4884214735303645,14-07-2014,0.4263189751364464
0.4284900461856485,0.4228518791392073,0.4160760464084881,0.4119264240954114,0.3860657828517849,15-07-2014,0.4119264240954114
0.4184996314301888,0.4171409319378303,0.4134540647838577,0.4070345744895896,0.2706596899064478,16-07-2014,0.4070345744895896
0.4069831540028165,0.408624580270105,0.4068581350579036,0.4034768425308268,0.3123616884862772,17-07-2014,0.4034768425308268
0.4065558501877672,0.4099471276033063,0.4116309380832401,0.4128158560743885,0.28508200450869675,18-07-2014,0.4128158560743885
0.4092009822142018,0.4139548225057652,0.4132492100188518,0.4138669759450172,0.25533425713359903,21-07-2014,0.4138669759450172
0.4192524647883585,0.414135160760986,0.4181449451583845,0.4119264240954114,0.18003764141382772,22-07-2014,0.4119264240954114
0.4148167778449039,0.4170407335537264,0.4188004246892503,0.4178087831008693,0.20439425589267338,23-07-2014,0.4178087831008693
0.4214092557017307,0.4177420921847415,0.4216067870735646,0.4199312573276734,0.2155763755317019,24-07-2014,0.4199312573276734
0.4203308602450446,0.4214892768993034,0.423552784435636,0.4199919284414797,0.20465622910246584,25-07-2014,0.4199919284414797
0.4234439679496523,0.4315686275751402,0.4228358234844865,0.4225187123509198,0.44092848820775815,28-07-2014,0.4225187123509198
0.4282458908894592,0.4241543980171335,0.4299233874396869,0.4229027592480291,0.22501430511606083,29-07-2014,0.4229027592480291
0.4187030843425706,0.4267594057152742,0.422098388528015,0.430806545381039,0.3315546731194803,30-07-2014,0.430806545381039
0.4336378661381776,0.4303663070813178,0.4230406782494925,0.4194461350313321,0.5260559933265772,31-07-2014,0.4194461350313321
0.4271878303469787,0.4425897885569024,0.4322585896000769,0.4395997655144532,0.8119308114964874,01-08-2014,0.4395997655144532
0.4440556131946582,0.4486013309105908,0.4471506456868314,0.4502122579341016,0.4026941876417582,04-08-2014,0.4502122579341016
0.4503428659018865,0.4535909210833894,0.4521078294718518,0.4501516171417021,0.3633223718227129,05-08-2014,0.4501516171417021
0.4532524901734284,0.4704833410703218,0.4580277769836716,0.47125529209622,0.6294802589398357,06-08-2014,0.47125529209622
0.4760819636298197,0.481043625153691,0.4796181594525119,0.4782494420861128,0.5074283193039784,07-08-2014,0.4782494420861128
0.4781980826800682,0.4711646431921975,0.4742512968638508,0.4696381746513038,0.34274368679034534,08-08-2014,0.4696381746513038
0.4869880233133912,0.4951707256386893,0.4916629071927328,0.4922579482514655,0.5503367734552197,11-08-2014,0.4922579482514655
0.4922782568455769,0.488277486398765,0.490802572896861,0.4935516292702649,0.4318283661833948,12-08-2014,0.4935516292702649
0.50027472277829,0.4989780858922117,0.5011061145388493,0.494259142914898,0.4697662233804194,13-08-2014,0.494259142914898
0.5012513439630473,0.4936878985632541,0.4947355443095943,0.4964220840913685,0.27631969004432855,14-08-2014,0.4964220840913685
0.4991963273216038,0.4918643893672454,0.4988323937987429,0.497695593288862,0.25848482968294323,15-08-2014,0.497695593288862
0.5027977456185901,0.5022243087439662,0.501392924729461,0.4935112229634122,0.39507628246227233,18-08-2014,0.4935112229634122
0.4938856957991328,0.486333752367225,0.4847392213139477,0.4870831008692137,0.3596133826946011,19-08-2014,0.4870831008692137
0.4853399104619993,0.4851514883825419,0.4875660577035841,0.4849605963210026,0.20057496225517538,20-08-2014,0.4849605963210026
0.4891041098082437,0.4852717152219208,0.4880986378950497,0.482191218920558,0.19283296450262966,21-08-2014,0.482191218920558
0.4850753876962082,0.4815646455294852,0.4867671741016249,0.4871235071760663,0.1871660703329126,22-08-2014,0.4871235071760663
0.492502105713532,0.495050500803158,0.4981973862247743,0.4987871194663432,0.289521761011492,25-08-2014,0.4987871194663432
0.506317820189329,0.4986975171913276,0.505305424185297,0.4971497675358803,0.25504470779646043,26-08-2014,0.4971497675358803
0.5033064236805704,0.496172649364304,0.5024990925273538,0.5002021427127553,0.19762431662909394,27-08-2014,0.5002021427127553
0.5000305674821007,0.4966536148333957,0.5052644782230776,0.5014351829391551,0.18795888399412605,28-08-2014,0.5014351829391551
0.5138869517863092,0.5117225256243194,0.5172887212316054,0.5132403719425915,0.43629569881353686,29-08-2014,0.5132403719425915
0.5277229706556283,0.5375521493283792,0.5311974801819207,0.542389316757631,0.6710581649466058,02-09-2014,0.542389316757631
0.552485445164092,0.5437840848439911,0.5430783805720973,0.5364665494238933,0.458715090346287,03-09-2014,0.5364665494238933
0.5450383922325627,0.5506372691772127,0.5436928834143726,0.5462704851425108,0.5669100259904998,04-09-2014,0.5462704851425108
0.5420676675869278,0.5335644508196359,0.527530844954477,0.5287851526177483,0.7618870343943246,05-09-2014,0.5287851526177483
0.5320365504476607,0.5375320908153922,0.5377934099078748,0.53832622801698,0.3711126277981149,08-09-2014,0.53832622801698
0.5429629450454377,0.5387544077029305,0.5367282515733683,0.5309885001010715,0.30611569564228214,09-09-2014,0.5309885001010715
0.5358618196473143,0.5305787381557786,0.5298865211201891,0.5362846290681222,0.2525145981124137,10-09-2014,0.5362846290681222
0.5378151250929086,0.5373517525601714,0.5400671941491482,0.534687685465939,0.25146670527324455,11-09-2014,0.534687685465939
0.5378965318952358,0.5325425307003054,0.5367282515733683,0.5324439296543361,0.2210295547144833,12-09-2014,0.5324439296543361
0.4863165642021526,0.4926058029049631,0.4863779672548815,0.4951283404083283,0.5640421087464581,16-09-2014,0.4951283404083283
0.501088595469185,0.4970944632765136,0.5008808185433172,0.4964220840913685,0.3487828586792412,17-09-2014,0.4964220840913685
0.5030215334451777,0.4988979139595355,0.5066573906619901,0.5013543703254498,0.2463995918733151,18-09-2014,0.5013543703254498
0.4920951388474006,0.4905418440378917,0.4922159900674668,0.4922579482514655,0.4613761866352298,19-09-2014,0.4922579482514655
0.4860113695732379,0.4797010213113504,0.470584630910036,0.4734788740650901,0.5581132413669485,22-09-2014,0.4734788740650901
0.4661118858232779,0.4752525080234852,0.4711786597469893,0.4742470264806954,0.38194315181347477,23-09-2014,0.4742470264806954
0.4781166758777413,0.4733288004433727,0.4753574318869478,0.4777440853042247,0.25032229598836253,24-09-2014,0.4777440853042247
0.4809652913372415,0.4775769790823012,0.4734319392565697,0.4672528744693754,0.32510185932038616,25-09-2014,0.4672528744693754
0.4722770618997679,0.467096834870049,0.4733704885626572,0.4665453931675763,0.2534866566013799,26-09-2014,0.4665453931675763
0.4636295348461015,0.4649126471597512,0.463763372413754,0.4638366585809582,0.32637725521016425,29-09-2014,0.4638366585809582
0.4695708905406077,0.4629288281637969,0.4611823367513428,0.4586213725490197,0.2840203236058542,30-09-2014,0.4586213725490197
0.4599670466957062,0.4529296494206362,0.4520258760946708,0.4536891146149181,0.4014532619111632,01-10-2014,0.4536891146149181
0.4762447446790779,0.4732286020592689,0.4719160947034609,0.4762886557509602,0.6121693449980351,02-10-2014,0.4762886557509602
0.4820640237428457,0.4806628901302625,0.4835306589083479,0.4839498827572267,0.3645426154577981,03-10-2014,0.4839498827572267
0.4944147413307148,0.4926659163246525,0.4973984718964439,0.4948857792601578,0.5235879299290603,06-10-2014,0.4948857792601578
0.4931939017736885,0.4906019554537336,0.493158249062573,0.4927633050333535,0.3010623703060257,07-10-2014,0.4927633050333535
0.4963884142459109,0.4934474468883438,0.4868286227471126,0.4921770749949464,0.3403307756475217,08-10-2014,0.4921770749949464
0.5007630333706686,0.4987776891240039,0.4904338400554396,0.4875884576511017,0.49932093786409076,09-10-2014,0.4875884576511017
0.464931748650059,0.4594020666688702,0.4511040911048866,0.4469577602587427,0.8803540774751297,10-10-2014,0.4469577602587427
0.4525810615828737,0.4455154198626295,0.4220164658772053,0.4220537618758844,0.7686983378489242,13-10-2014,0.4220537618758844
0.4315828169413381,0.4325104378810654,0.4261133153663539,0.4270466909237923,0.4816722163622949,14-10-2014,0.4270466909237923
0.4147964408959859,0.4295447516686357,0.4144782771561449,0.4323832565191026,0.6224483464664639,15-10-2014,0.4323832565191026
0.4142267235012802,0.427400620868888,0.4181244711530624,0.4256114938346473,0.36406003322923325,16-10-2014,0.4256114938346473
0.4420209009467366,0.4371192930304357,0.433385229354867,0.4278956862745098,0.7191095668479799,17-10-2014,0.4278956862745098
0.4284697092367305,0.4323701545325473,0.4312548512331117,0.4339397634930261,0.23273562077309656,20-10-2014,0.4339397634930261
0.4438317928126745,0.4383616684309607,0.442091034519308,0.443784103497069,0.2765747692222838,21-10-2014,0.443784103497069
0.4416342995154948,0.4423693633334196,0.4415994023384864,0.4352132726905195,0.2756302868606644,22-10-2014,0.4352132726905195
0.4446253305893639,0.4401450926625549,0.4445491380675229,0.4436830260764101,0.23259774013636364,23-10-2014,0.4436830260764101
0.4479012173085174,0.4431909488038136,0.4429103921265893,0.4435819789771579,0.2305915768719017,24-10-2014,0.4435819789771579
0.443791090428867,0.4367986714266966,0.4206030487065995,0.4161511987062866,0.6504381157232184,27-10-2014,0.4161511987062866
0.4343296906843057,0.4568171174837164,0.4368675452753692,0.4588033232261977,0.7168276423100521,28-10-2014,0.4588033232261977
0.4577899208681281,0.4506051783618202,0.4520054020893488,0.4493632625833839,0.33394690216679396,29-10-2014,0.4493632625833839
0.4517061190385694,0.4486013309105908,0.450817313689071,0.4504952577319587,0.21439749608763659,30-10-2014,0.4504952577319587
0.4605978034231373,0.4538514012135747,0.4583760050933998,0.4566403820497272,0.25210095620221556,31-10-2014,0.4566403820497272
0.46159482259818,0.462748489908576,0.463640471025929,0.4584394501718214,0.28164188262221374,03-11-2014,0.4584394501718214
0.4564877050294583,0.45230846071845,0.45382850011202,0.4510410208206994,0.24571018868965094,04-11-2014,0.4510410208206994
0.457525398102337,0.4503246417224956,0.4415379516445739,0.4349504770568022,0.6154577981841118,05-11-2014,0.4349504770568022
0.4599467097467881,0.4532903259310779,0.4552009405940353,0.453608241358399,0.3476315553625223,07-11-2014,0.453608241358399
0.4536797939884777,0.4533704978637542,0.4543815829867541,0.4571053022033556,0.30738419750022383,10-11-2014,0.4571053022033556
0.4606792081907521,0.4712848980854406,0.4650333855132664,0.475601378613301,0.5398233749043453,11-11-2014,0.475601378613301
0.4752680909389246,0.472326876717758,0.4723667501956919,0.4715989609864565,0.3965653933389861,12-11-2014,0.4715989609864565
0.4770993197537805,0.4791600045418404,0.4819328896560046,0.4768546533252477,0.4217423976063918,13-11-2014,0.4768546533252477
0.4758378083336304,0.4853719436637364,0.4783481463529995,0.4909642065898525,0.41244234865876594,14-11-2014,0.4909642065898525
0.4910777827234399,0.4856725087583361,0.4855586096476002,0.4814635051546392,0.2693636119211596,17-11-2014,0.4814635051546392
0.4877612241411626,0.4876562976965788,0.492707593570342,0.4889832464119669,0.30020061632644585,18-11-2014,0.4889832464119669
0.4770789848395748,0.4714051249248196,0.4724077268842825,0.4688498180715585,0.5377344832578436,19-11-2014,0.4688498180715585
0.4716666421212546,0.4695014457999821,0.4732270844915637,0.4708106064281383,0.2391332823174975,20-11-2014,0.4708106064281383
0.4803345366445226,0.4732085756078413,0.4653816136229945,0.4588235273903376,0.50785574927785,21-11-2014,0.4588235273903376
0.4660711834394705,0.4628286598374048,0.4622475258122204,0.4667879543157469,0.3220340151530818,24-11-2014,0.4667879543157469
0.4704458330849119,0.467076806414774,0.4734114345248764,0.4695572993733577,0.2096681902477023,25-11-2014,0.4695572993733577
0.4724601778632318,0.4656340342460413,0.4744561516288568,0.4702648109965636,0.1284151310210748,26-11-2014,0.4702648109965636
0.466376408589069,0.4610051506413962,0.466098574574144,0.4623408206994138,0.13796336511481988,28-11-2014,0.4623408206994138
0.4578509602008535,0.4525489123933602,0.438424337839122,0.4363048291894078,0.5860547524008466,01-12-2014,0.4363048291894078
0.4444422125911876,0.4373397182539184,0.4363554390892256,0.4358803173640591,0.39768222649652185,02-12-2014,0.4358803173640591
0.4275133924454952,0.4269998573901845,0.4312343772277897,0.4315746977966445,0.35774510006687205,03-12-2014,0.4315746977966445
0.4322949784363842,0.429364383355703,0.435966234290907,0.4295128340408329,0.25763686376703665,04-12-2014,0.4295128340408329
0.4324373920160407,0.4263385837235838,0.4245974708132451,0.420274928239337,0.40985708672002613,05-12-2014,0.420274928239337
0.4179298835147993,0.4172611587772092,0.4042770993954925,0.4013745724681626,0.6278463733945523,08-12-2014,0.4013745724681626
0.393106400194294,0.4029737164307058,0.3877463280941756,0.406488779058015,0.6420411849461919,09-12-2014,0.406488779058015
0.402852690174248,0.401050038908305,0.3947724106290923,0.3922377117444917,0.49606695483719726,10-12-2014,0.3922377117444917
0.3955277138734573,0.3983648612813356,0.395858073695292,0.3902971598948858,0.45334463954554505,11-12-2014,0.3902971598948858
0.3839095232155236,0.3908504333392251,0.3882174575917287,0.3864968667879523,0.48639462817039264,12-12-2014,0.3864968667879523
0.3930046584777611,0.3870832201693881,0.3844688362123081,0.3805134283404083,0.3515818356049166,15-12-2014,0.3805134283404083
0.3759130878034941,0.3748196537293892,0.3695153294316412,0.3679199474428947,0.5727285888606234,16-12-2014,0.3679199474428947
0.3599812888675566,0.3807710826633881,0.3639436120779742,0.3841115969274308,0.49976904993347243,17-12-2014,0.3841115969274308
0.3992919437403855,0.4043964601441634,0.4031709643723956,0.4092581261370527,0.5077316567047905,18-12-2014,0.4092581261370527
0.4151830402925155,0.4083239851177936,0.408701705037472,0.4113401920355771,0.4682426423445222,19-12-2014,0.4113401920355771
0.4147964408959859,0.4156580748046833,0.4164037718349478,0.4180311421063271,0.32270273624123574,22-12-2014,0.4180311421063271
0.4225486904911422,0.41617909317663,0.4189848054489342,0.4147362057812816,0.30245496473702677,23-12-2014,0.4147362057812816
0.414328465217813,0.4125320767884602,0.4184317225742002,0.417343834647261,0.08367286440128743,24-12-2014,0.417343834647261
0.417868846216786,0.4245551614958371,0.4230406782494925,0.428582993733576,0.2211950114785628,26-12-2014,0.428582993733576
0.4288359431983706,0.4233728995150014,0.4282027167995187,0.4243177824944411,0.18503581449539105,29-12-2014,0.4243177824944411
0.4229149529387539,0.4188441842367483,0.4228358234844865,0.4172831938548616,0.1919781045548865,30-12-2014,0.4172831938548616
0.4210836936032144,0.4189042976564378,0.4245769968079232,0.4176470669092379,0.15022095372036404,31-12-2014,0.4176470669092379
0.4206360548739594,0.4140349623768823,0.4061616481120762,0.4113806306852639,0.32028982509841203,02-01-2015,0.4113806306852639
0.4037072652489506,0.4005089920810832,0.3936662756059954,0.3927430685263797,0.36193667142354835,05-01-2015,0.3927430685263797
0.3945713970822218,0.3959001369317131,0.3876234287547753,0.395148572872448,0.4235279518520815,06-01-2015,0.395148572872448
0.4012656166555816,0.3970623724611212,0.3990331381946564,0.3944814978775016,0.1964730133123753,07-01-2015,0.3944814978775016
0.400166855764006,0.395098609974306,0.3995042676922095,0.3938144228825551,0.22915761824988096,08-01-2015,0.3938144228825551
0.3922518251195913,0.3874438986836773,0.3891597473132061,0.3858095896502931,0.313664660503402,09-01-2015,0.3858095896502931
0.3803080743978535,0.3764027092466401,0.3774632276827134,0.3768142449969678,0.4020461486491142,12-01-2015,0.3768142449969678
0.3808574548436412,0.3826947902435008,0.3808636209524057,0.3809379421871842,0.30049705969542145,13-01-2015,0.3809379421871842
0.3452703274539334,0.3578270353583531,0.3482731750725291,0.3575702486355367,0.7882222360102858,14-01-2015,0.3575702486355367
0.3628909416250701,0.3589291574680717,0.3585152987954008,0.3559126642409542,0.3514577430318573,15-01-2015,0.3559126642409542
0.3551793659277497,0.3564043196987597,0.3577983378442512,0.3583384010511421,0.24023632741135967,16-01-2015,0.3583384010511421
0.3616293996842363,0.3556628761033303,0.3524519472124875,0.356033945825753,0.3022826139411109,20-01-2015,0.356033945825753
0.3528394590509136,0.3648004164732418,0.3575115604284356,0.3654133959975743,0.27813971444920116,21-01-2015,0.3654133959975743
0.3679980591937918,0.3739379848970177,0.3691671013219131,0.3756215787345867,0.27565096895617447,22-01-2015,0.3756215787345867
0.3746922482464678,0.3744589752151001,0.3755786810145545,0.3749545037396403,0.2288887510082518,23-01-2015,0.3749545037396403
0.3778257234206771,0.3847186641461577,0.3811503983682214,0.3855872306448353,0.2148180320296716,26-01-2015,0.3855872306448353
0.3830956200039447,0.3835364021653221,0.3857593540435137,0.3844350030321408,0.18355359765051374,27-01-2015,0.3844350030321408
0.3865342898070688,0.3802100073808914,0.3757630310478672,0.3710733676975946,0.208964999000365,28-01-2015,0.3710733676975946
0.376279352285818,0.3794285088787594,0.371830059635134,0.3828582918940772,0.2364377158693716,29-01-2015,0.3828582918940772
0.382159670682311,0.3824142516003285,0.3851448204748672,0.3796240266828382,0.19913410960131792,30-01-2015,0.3796240266828382
0.3821800055965167,0.3913914801664468,0.3857593540435137,0.3944612937133616,0.27787774123940895,02-02-2015,0.3944612937133616
0.4010010938897905,0.4082638716981041,0.4020853013061958,0.4094602809783708,0.3245503367734548,03-02-2015,0.4094602809783708
0.4113170687090545,0.4104881443728163,0.4134130880952673,0.4098443561754599,0.21970590060184864,04-02-2015,0.4098443561754599
0.4145522855997967,0.4185035341777342,0.4192306061761594,0.4147766424095412,0.2347004198465386,05-02-2015,0.4147766424095412
0.4188658653918289,0.4143355274714819,0.4127985545266208,0.4074388538508188,0.2154660710223156,06-02-2015,0.4074388538508188
0.4053960804841499,0.4033744799094093,0.4035601691707142,0.4076814149989893,0.231218933769036,09-02-2015,0.4076814149989893
0.4098114019927151,0.4085243818860012,0.4097259174097591,0.405275910652921,0.363453358427609,10-02-2015,0.405275910652921
0.3989460467276632,0.3969822305861566,0.3939120763332206,0.3982211501920356,0.6653154364266853,11-02-2015,0.3982211501920356
0.3800028492482551,0.3794485653878988,0.3808636209524057,0.3799676652516677,0.4186400832799043,13-02-2015,0.3799676652516677
0.3857000496465719,0.3788674335962625,0.3820721833580057,0.3811400970285022,0.26618546324446907,17-02-2015,0.3811400970285022
0.3825869419419643,0.3798092439021878,0.3843254628675859,0.3813624560339599,0.1789070201926189,18-02-2015,0.3813624560339599
0.3842757571771636,0.3923733754367866,0.3866811390332979,0.3960178027087124,0.3471558671657945,19-02-2015,0.3960178027087124
0.3960363919354376,0.4027132363005204,0.3990945888885688,0.4069334970689307,0.40423845077316556,20-02-2015,0.4069334970689307
0.4059657978788556,0.403915526736631,0.3919660789711492,0.3871841439256115,0.5778094903242262,23-02-2015,0.3871841439256115
0.3889352339819181,0.3820535430283276,0.3824818621616463,0.380654944410754,0.44708485863787706,24-02-2015,0.380654944410754
0.3841536785117128,0.3817529779337278,0.3842844861789954,0.3799474327875481,0.2613527469269851,25-02-2015,0.3799474327875481
0.3822410449292421,0.389668169354542,0.3835470512225239,0.3868809419850414,0.4380743590273898,26-02-2015,0.3868809419850414
0.3881416982399409,0.3845784108553512,0.3847351416712266,0.3790984354154034,0.259463782203746,27-02-2015,0.3790984354154034
0.3795959129028076,0.3741383516075136,0.3704576191531187,0.3669496705073782,0.5379826684039626,02-03-2015,0.3669496705073782
0.3676114597972622,0.3679264425433292,0.3694129327755094,0.3714574449161109,0.29739474536893395,03-03-2015,0.3714574449161109
0.3725761617516151,0.372495212728285,0.3732844555427549,0.3772791631291692,0.282896596416482,04-03-2015,0.3772791631291692
0.379901138052406,0.3798493288666022,0.3793067976622818,0.3736203860925813,0.3280525049464676,05-03-2015,0.3736203860925813
0.372494787504684,0.368948394724219,0.362919399705687,0.3599757529816051,0.45458556527614036,06-03-2015,0.3599757529816051
0.3626874581920045,0.3564043196987597,0.3549305554923957,0.3539114715989488,0.4562608150124434,09-03-2015,0.3539114715989488
0.3506216308395281,0.3544205007028053,0.3535990916989707,0.352779476450374,0.37649686666253,10-03-2015,0.352779476450374
0.3560949803351776,0.3597907978451681,0.3605841975452971,0.3596927531837477,0.33480176211453716,11-03-2015,0.3596927531837477
0.3613852443880469,0.356324149769931,0.3580031926092571,0.3542955467960381,0.27788463527124535,12-03-2015,0.3542955467960381
0.3516186194938871,0.3509137676631537,0.3530255348189147,0.3494643076612089,0.36647294437205685,13-03-2015,0.3494643076612089
0.3578244979541844,0.3592497810756581,0.3581056199917601,0.3636547341823327,0.37988183629431976,16-03-2015,0.3636547341823327
0.3648035467215693,0.364860559950643,0.3665860963858731,0.3616939478471802,0.3292313843905329,17-03-2015,0.3616939478471802
0.3638472604510177,0.3692089049121161,0.3648859017994517,0.3737821043056398,0.3241849530861131,18-03-2015,0.3737821043056398
0.3781716204333992,0.3766431609215505,0.3677946608398978,0.3635536567616738,0.576113558492413,19-03-2015,0.3635536567616738
0.3689136736012197,0.3654216332292924,0.3700274356177848,0.3684657408530422,0.2861712615388855,20-03-2015,0.3684657408530422
0.371050127565674,0.3684474328614116,0.3738170336857958,0.3715989589650293,0.17325391408657503,23-03-2015,0.3715989589650293
0.3773170453586966,0.3750400769490245,0.3784874400550005,0.3758237335759046,0.24345584027907008,24-03-2015,0.3758237335759046
0.370582151887501,0.3646200762141735,0.3640460394604772,0.3608247483323226,0.38688617264034514,25-03-2015,0.3608247483323226
0.361731141400769,0.3570054498879592,0.3579007652267542,0.3529613988275723,0.27641620649004134,26-03-2015,0.3529613988275723
0.3518628053107601,0.3459842889061971,0.3408988337015129,0.3420254699818071,0.5850551177845339,27-03-2015,0.3420254699818071
0.3453110298377407,0.3519156913887684,0.3417182220351654,0.3532848332322619,0.6874039144312768,30-03-2015,0.3532848332322619
0.360937605658792,0.3549414910208877,0.3552583116452265,0.349646258338387,0.3383659765740798,31-03-2015,0.349646258338387
0.3511099414319066,0.3520158897728723,0.3504240271996063,0.3472609581564586,0.2534315043466868,01-04-2015,0.3472609581564586
0.3542230491365144,0.3538794538755835,0.3585152987954008,0.3541540327471195,0.3372491434165441,02-04-2015,0.3541540327471195
0.3700327714417132,0.3829753268828254,0.3738784843797083,0.3786133131190621,0.8505373897816659,06-04-2015,0.3786133131190621
0.3792093135062779,0.3775849732313232,0.3813347484015342,0.3789165150596321,0.2915761824988104,07-04-2015,0.3789165150596321
0.3907868302663756,0.3892874343311135,0.3910237892496717,0.387851218920558,0.4263682929687766,08-04-2015,0.387851218920558
0.3912548059445486,0.3882253971858093,0.3915358954358153,0.3927430685263797,0.25381757012953854,09-04-2015,0.3927430685263797
0.3941441237878563,0.3907903199195356,0.3974353689423132,0.3943804204568426,0.2722591052925479,10-04-2015,0.3943804204568426
0.395344595875281,0.3934955260017801,0.3975377963248162,0.3921164321811199,0.25092207675815004,13-04-2015,0.3921164321811199
0.3915396941452291,0.3864620314672018,0.390265882336303,0.3874267374166162,0.20044397565027913,14-04-2015,0.3874267374166162
0.3892811635500361,0.3866623981776978,0.3925191618458833,0.3881746553466749,0.1264296498521227,15-04-2015,0.3881746553466749
0.389769474142415,0.3858207862558763,0.3918841235455436,0.3858904325854054,0.10620945447526049,16-04-2015,0.3858904325854054
0.3842554202282457,0.3812319896194929,0.3861690328471543,0.3860723529411766,0.16210626460672972,17-04-2015,0.3860723529411766
0.3878975429437515,0.3831757236510331,0.3868859937983038,0.3829998059429959,0.16826952906868503,20-04-2015,0.3829998059429959
0.3859035330796376,0.3889868692365137,0.3878282527934101,0.3913685142510613,0.22846821506621678,21-04-2015,0.3913685142510613
0.3995360990365748,0.4112897013879352,0.4029456356020676,0.4116434242975541,0.5339082955885089,22-04-2015,0.4116434242975541
0.4112763968459307,0.4104881443728163,0.4141300183200456,0.4099454335961189,0.29594010465140297,23-04-2015,0.4099454335961189
0.4158137970199466,0.4091255421329124,0.4158916656488042,0.4096017647058824,0.15920387720350454,24-04-2015,0.4096017647058824
0.4200053001812404,0.4450945978709392,0.4240648906217796,0.4361229088336366,0.7965433324371092,27-04-2015,0.4361229088336366
0.4448084465528278,0.4385820936544434,0.4364168897831381,0.433959967657166,0.4113599856604135,28-04-2015,0.433959967657166
0.4352453050917336,0.4375200565091392,0.4355975321758569,0.4379421811198707,0.263186559395531,29-04-2015,0.4379421811198707
0.4359370991171778,0.433352049802887,0.4305583929652307,0.4250050596321003,0.26151820369106427,30-04-2015,0.4250050596321003
0.43502148470975,0.4311077506767471,0.4208079034716054,0.4249646230038407,0.3559526517893458,01-05-2015,0.4249646230038407
0.4314403728409979,0.4370391231016069,0.4345323431149792,0.4340206084495654,0.29755330810117664,04-05-2015,0.4340206084495654
0.4509329202455103,0.4465974834593613,0.4386701692927184,0.4389528946836467,0.39147070381170995,05-05-2015,0.4389528946836467
0.4434858957999524,0.4365181327835244,0.4367651178928662,0.433858890236507,0.3552080963509887,06-05-2015,0.433858890236507
0.4168311531439074,0.4425497035924879,0.4204801473187745,0.4467354012532849,0.6437233287143318,07-05-2015,0.4467354012532849
0.4473314999138117,0.4444132977529109,0.4480314539880251,0.4463513260561957,0.31365776647156524,08-05-2015,0.4463513260561957
0.4479418891716412,0.4533704978637542,0.4513294198752145,0.4521730442692541,0.3828807401432578,11-05-2015,0.4521730442692541
0.4557145062363991,0.460323850523368,0.4572288913332876,0.4627855366889024,0.4305253941662701,12-05-2015,0.4627855366889024
0.4709748480958103,0.464231347041723,0.4655454916994099,0.4596320861127957,0.36687969225041867,13-05-2015,0.4596320861127957
0.4652980131323829,0.4573982192176407,0.4634970669548356,0.4614918253486962,0.19147484023081185,14-05-2015,0.4614918253486962
0.4634870907457613,0.4664355612034483,0.4660575978855535,0.4710733697190217,0.3039647577092508,15-05-2015,0.4710733697190217
0.469733671589866,0.4674374849290632,0.4732270844915637,0.4708914493632505,0.22300124781976205,18-05-2015,0.4708914493632505
0.4726432958614079,0.4696417291485003,0.4735343359127014,0.4676369496664646,0.24513109001537323,19-05-2015,0.4676369496664646
0.469998194355657,0.4631091964767295,0.4637428676820608,0.4619971821305842,0.2507428319303974,20-05-2015,0.4619971821305842
0.4616558619309054,0.4608648672928779,0.4657708204697379,0.464564372346877,0.12768436364639096,21-05-2015,0.464564372346877
0.4664374479217945,0.4648325072886343,0.4711991337523115,0.4688295856074388,0.14509179403390465,22-05-2015,0.4688295856074388
0.4711172616754669,0.4716455765997298,0.4742512968638508,0.4682838225186982,0.2330320641420719,26-05-2015,0.4682838225186982
0.4728060769106662,0.466635957971656,0.4723052995017795,0.4682231514048918,0.22679296532991353,27-05-2015,0.4682231514048918
0.4697947109225913,0.4712448131210262,0.4712810871294923,0.4763492965433597,0.24327659545131758,28-05-2015,0.4763492965433597
0.4778725205815519,0.4733889138630622,0.4802531670264805,0.4750353810390136,0.25306612065934486,29-05-2015,0.4750353810390136
0.4787067607420487,0.4708440496423227,0.4762382709145127,0.4723064422882556,0.16453296381322655,01-06-2015,0.4723064422882556
0.4736403150364506,0.4664355612034483,0.4738416180602102,0.4700828906407925,0.13900436392215246,02-06-2015,0.4700828906407925
0.472175320183235,0.4690806538660035,0.4752959832414601,0.4713766019809985,0.1146477494433066,03-06-2015,0.4713766019809985
0.4707510277138266,0.4662351944929526,0.4726330556546103,0.465170806549424,0.1609825374173575,04-06-2015,0.465170806549424
0.4676989593419445,0.4670367214503596,0.4725715742343266,0.4716798039215687,0.20016821437681348,05-06-2015,0.4716798039215687
0.4775673259526372,0.4851715468955287,0.4820557910438297,0.4861330280978371,0.3377041495177623,08-06-2015,0.4861330280978371
0.486825242264133,0.4831476409313124,0.489901259863974,0.4855467960380029,0.17184063756006393,09-06-2015,0.4855467960380029
0.4797037493964077,0.4756532715021888,0.4783481463529995,0.4748332261976956,0.2299849020702775,10-06-2015,0.4748332261976956
0.4824709600882932,0.4763946850399064,0.4823015917710547,0.4762684536082474,0.13275147704632062,11-06-2015,0.4762684536082474
0.4762651121486797,0.474571207905457,0.4818509670051948,0.4748130220335558,0.08988438708609923,12-06-2015,0.4748130220335558
0.4752273885551173,0.4702028044309971,0.4732475584968858,0.474186385688296,0.14254789628618472,15-06-2015,0.474186385688296
0.4761023310994214,0.4745311209371951,0.4795772134902926,0.4797250758035173,0.12865642213535702,16-06-2015,0.4797250758035173
0.4802531298421956,0.4964131010392144,0.4855586096476002,0.4944612977562159,0.3718916533956551,17-06-2015,0.4944612977562159
0.5002543553086882,0.4946096503561926,0.5019459768778237,0.4974530321406914,0.18367079619173662,18-06-2015,0.4974530321406914
0.5010682279995833,0.4952909524780681,0.5021098856806104,0.4987063068526381,0.1616305764100014,19-06-2015,0.4987063068526381
0.5005595499376031,0.4964932729718906,0.4930763243633385,0.4932080230442693,0.3062742583745249,22-06-2015,0.4932080230442693
0.496836052975166,0.5037071358194014,0.4989757978698363,0.509136876895088,0.25868475660620566,23-06-2015,0.509136876895088
0.510387244685172,0.502404646999187,0.5095251730138458,0.5040833090762079,0.15813530226882552,24-06-2015,0.5040833090762079
0.5093088492284858,0.5105402636434838,0.5126592608246197,0.5114008671922379,0.18825532736310135,25-06-2015,0.5114008671922379
0.514273553217551,0.5059313764325544,0.5141955793830506,0.5079644147968466,0.25645109029113483,26-06-2015,0.5079644147968466
0.5001526441128392,0.4995992725905503,0.5033389528179035,0.4977157651101679,0.23166704583841724,29-06-2015,0.4977157651101679
0.5059515251863215,0.5095583964270084,0.5100987298939018,0.5103295128360624,0.20464244103879242,30-06-2015,0.5103295128360624
0.5187905533665693,0.5129649010248444,0.5179851774510615,0.5121285506367497,0.13668796922504173,01-07-2015,0.5121285506367497
0.5372861426374063,0.532662755535837,0.5291695601690395,0.5341014534061048,0.4857121190185654,02-07-2015,0.5341014534061048
0.5346003082271642,0.5311398114344279,0.5352943296710694,0.5334950495249648,0.27599567054800633,06-07-2015,0.5334950495249648
0.5267056145316675,0.5181348615144231,0.5034822954362546,0.5095613604204569,0.41271810993223146,07-07-2015,0.5095613604204569
0.4948013407272443,0.4892794101243798,0.4902494900221271,0.4834445259753387,0.4207151868627328,08-07-2015,0.4834445259753387
0.4943129690934983,0.493587730236862,0.4953296059213436,0.4894279624014554,0.22168448773896401,09-07-2015,0.4894279624014554
0.5007019940379432,0.4936878985632541,0.4974394793114056,0.491914279361229,0.1718268494963907,10-07-2015,0.491914279361229
0.5007630333706686,0.4927861431640314,0.4938137285934388,0.4979987952294321,0.19591459673360742,13-07-2015,0.4979987952294321
0.500457838741754,0.4996793824039556,0.5029497480195848,0.5050535556903174,0.12334112358930845,14-07-2015,0.5050535556903174
0.5098988710167136,0.5026851535807999,0.5061657277547975,0.4999798160501314,0.13120031988307684,15-07-2015,0.4999798160501314
0.5047714185337863,0.5021040819045873,0.5083780613021583,0.5071356236102689,0.10323812675366913,16-07-2015,0.5071356236102689
0.5216188339118639,0.5188161636362987,0.5188045350583428,0.5232666343238328,0.33681481941083585,17-07-2015,0.5232666343238328
0.5267056145316675,0.5410788787617465,0.5275922956483895,0.5386294926217912,0.33504994726065623,20-07-2015,0.5386294926217912
0.5166337644879092,0.5147282968011636,0.5153221884114696,0.5073175439660401,0.41296629507835053,21-07-2015,0.5073175439660401
0.4987689929858709,0.5065926801568668,0.5036666454695673,0.5095411259349102,0.20589026080122416,22-07-2015,0.5095411259349102
0.5158198917970142,0.5075144339536528,0.512700206786839,0.5081868041237115,0.14537444933920676,23-07-2015,0.5081868041237115
0.5112011173760671,0.5098990164283108,0.5099348825438575,0.5045684333939763,0.18737978531984828,24-07-2015,0.5045684333939763
0.5011292673323089,0.4965533863915801,0.4830390246791016,0.4795027188194866,0.3154502147490914,27-07-2015,0.4795027188194866
0.487537403759179,0.49849712042312,0.485189876806179,0.5033757974530019,0.2604082645653656,28-07-2015,0.5033757974530019
0.5048731297296353,0.503486742657478,0.5060018804047531,0.5013543703254498,0.1841809545476478,29-07-2015,0.5013543703254498
0.5016583108291786,0.5015830615287931,0.5062271764002851,0.5073580129371336,0.13209654402184007,30-07-2015,0.5073580129371336
0.5116487561053221,0.5064323382953618,0.5123929553657014,0.5060642692540934,0.1450573238747213,31-07-2015,0.5060642692540934
0.5089832891646817,0.5011221545726884,0.4959031607529748,0.4936122700626641,0.16786967522215984,03-08-2015,0.4936122700626641
0.496205298282447,0.5011422130856753,0.4985046376459121,0.5063270648878108,0.1540126712305153,04-08-2015,0.5063270648878108
0.5034691742091449,0.5097186781730899,0.5027243885228857,0.514109571457449,0.42024639269784125,05-08-2015,0.514109571457449
0.4749018264566008,0.4776571189534183,0.4529886377730455,0.4655953203961998,1.0,06-08-2015,0.4655953203961998
0.4627749597713991,0.4550737501626721,0.4576385701369282,0.4582777339801901,0.3415923834736268,07-08-2015,0.4582777339801901
0.4517264559874873,0.453550836118975,0.4528452644283233,0.4555083869011522,0.28040785092345516,10-08-2015,0.4555083869011522
0.4496917437395659,0.4461967199806578,0.4495472985411338,0.4478875985445725,0.28585413607440024,11-08-2015,0.4478875985445725
0.4453171246148081,0.4471385302865831,0.4460649826206316,0.4495047463108956,0.24884007914348527,12-08-2015,0.4495047463108956
0.4552058281744189,0.4605843306535533,0.4591339120067685,0.4582777339801901,0.3151055131572596,13-08-2015,0.4582777339801901
0.4702220127029283,0.4634899034462936,0.4645622560157132,0.4595714453203963,0.2927412738792025,14-08-2015,0.4595714453203963
0.4871508043626494,0.4808432283854832,0.4824654698474702,0.4835051647463109,0.4865945550936552,17-08-2015,0.4835051647463109
0.4867845704010093,0.489580035334403,0.4887131714636963,0.4950879341014758,0.28103520782058933,18-08-2015,0.4950879341014758
0.4968563594034001,0.4889788450297801,0.4917038838813233,0.4840307256923388,0.2403121617615627,19-08-2015,0.4840307256923388
0.4800293114949241,0.4767754220671824,0.4648285307482604,0.4576106589852436,0.3300379861154198,20-08-2015,0.4576106589852436
0.4473518368627296,0.4552140335111904,0.4414969749559835,0.4345461976955731,0.4461610583717674,21-08-2015,0.4345461976955731
0.3797790288662715,0.4303663070813178,0.3687574225182725,0.4104911966848595,0.6523891267329872,24-08-2015,0.4104911966848595
0.4362016218829689,0.429364383355703,0.4181654171152817,0.4128360602385284,0.2901560119404628,25-08-2015,0.4128360602385284
0.4309316947790175,0.4235532377702223,0.4107706037873684,0.4225591186577725,0.3339813723259772,26-08-2015,0.4225591186577725
0.4371782756231222,0.4571176825783161,0.4421115085246301,0.4592480392156863,0.5196376496866661,27-08-2015,0.4592480392156863
0.4592752526702618,0.4705434544900112,0.4641525772120726,0.470345655953103,0.3719468056503485,28-08-2015,0.470345655953103
0.4669257585141731,0.4775569205693144,0.4722233461245986,0.4715180877299374,0.31586385665928984,31-08-2015,0.4715180877299374
0.4561824798798599,0.4596224918923529,0.4547298110964822,0.4504346169395594,0.3678862208985679,01-09-2015,0.4504346169395594
0.4662746668725362,0.4633897351199016,0.4604858805318866,0.4687487406508996,0.31096909405527623,02-09-2015,0.4687487406508996
0.4800293114949241,0.471805888403523,0.4711786597469893,0.4644633252476249,0.2810214197569161,03-09-2015,0.4644633252476249
0.4573015777203534,0.4557951352451148,0.4572493653386096,0.4571053022033556,0.2461651947908692,04-09-2015,0.4571053022033556
0.4657659888105558,0.4659546578536278,0.469232662384918,0.4697190175864161,0.20817907937098848,08-09-2015,0.4697190175864161
0.4800089745460063,0.4761542333649961,0.477938467549359,0.4712148857893672,0.2255934037903384,09-09-2015,0.4712148857893672
0.4702016472680389,0.4690806538660035,0.4718546440095484,0.470345655953103,0.17858989472813355,10-09-2015,0.470345655953103
0.4710358853938235,0.4681188151048032,0.4706255768722553,0.4739033858904387,0.15389547268929252,11-09-2015,0.4739033858904387
0.4780760040146175,0.4761542333649961,0.480744799207302,0.4798665898524358,0.19113013863898007,14-09-2015,0.4798665898524358
0.4814332670154145,0.4768555919960112,0.4803965710975739,0.4806347422680413,0.1940669962013883,15-09-2015,0.4806347422680413
0.4820233193243261,0.4934474468883438,0.4873202569763589,0.4981807155852031,0.2963468525297647,16-09-2015,0.4981807155852031
0.5042423730022042,0.4986975171913276,0.5033184480862103,0.4978168728522336,0.23903676587178424,17-09-2015,0.4978168728522336
0.4920340995146753,0.4953310675001944,0.4967839690541686,0.4948857792601578,0.2512598843181457,18-09-2015,0.4948857792601578
0.5042831079414075,0.5108608852472227,0.4933016531336665,0.5021225227410553,0.413759108739564,21-09-2015,0.5021225227410553
0.4942112578976491,0.4929865399322389,0.4934450264783886,0.4955326500909643,0.2444554748953827,22-09-2015,0.4955326500909643
0.5001526441128392,0.4918443328581061,0.4969478164042129,0.495775213260562,0.1711305522808901,23-09-2015,0.495775213260562
0.4952286140216099,0.4945896539624767,0.4941414826978449,0.4999393470790379,0.22955057806456933,24-09-2015,0.4999393470790379
0.5096343482509226,0.5015229501129511,0.4940185833584448,0.4873863028097838,0.2519699695973192,25-09-2015,0.4873863028097838
0.4907929555641269,0.4872555662794344,0.4744766256341788,0.4702445785324439,0.32971396661909763,28-09-2015,0.4702445785324439
0.4767737902106601,0.4771160721261965,0.4721209494684667,0.4666464402668284,0.24713035924799856,29-09-2015,0.4666464402668284
0.4799072328294734,0.4724471035571368,0.4657298417327227,0.4701839377400444,0.3316787656925397,30-09-2015,0.4701839377400444
0.4707713646627446,0.4646321105204266,0.455057567249313,0.4529614008489995,0.30709464816308485,01-10-2015,0.4529614008489995
0.4465379641718345,0.4630290265479006,0.4505510082301526,0.4685061795027289,0.2968225407264928,02-10-2015,0.4685061795027289
0.4734775339871926,0.4673172580896844,0.4693965404613334,0.4656357267030524,0.2462134530137258,05-10-2015,0.4656357267030524
0.4554906858544155,0.4536710629583539,0.4518825027499486,0.4561552597533859,0.3520575238016448,06-10-2015,0.4561552597533859
0.4486337157524815,0.4429905520356059,0.4386496645610251,0.4369517020416414,0.4615899016221655,07-10-2015,0.4369517020416414
0.435306344424459,0.429003704841414,0.4226514734511739,0.4263594117647059,0.41465533287832695,08-10-2015,0.4263594117647059
0.4166887090435671,0.4162792615030219,0.4166086265999538,0.4141702082069941,0.41639262890116,09-10-2015,0.4141702082069941
0.4208802406908323,0.4135340005140749,0.4102790002844933,0.4038407155852032,0.25630631562256534,12-10-2015,0.4038407155852032
0.4011231725552413,0.4125721617528746,0.4017985238903803,0.411259349100465,0.3483554287053695,13-10-2015,0.411259349100465
0.4161596940326688,0.409426107227512,0.4106067257109529,0.4064685769153023,0.20584889661020428,14-10-2015,0.4064685769153023
0.4075325039279205,0.4109891062356237,0.4070629590965383,0.415423484940368,0.18791062577126966,15-10-2015,0.415423484940368
0.4209819518866814,0.4285227714338817,0.4258470099074355,0.4269456135031332,0.29065238223270096,16-10-2015,0.4269456135031332
0.4280220705074756,0.4298653452185104,0.4300872634676776,0.4291489913078634,0.1647259967046524,19-10-2015,0.4291489913078634
0.398498405963696,0.3971224858808106,0.3970256901386725,0.3927430685263797,0.2780363039716515,21-10-2015,0.3927430685263797
0.3976234654541041,0.3990061064926611,0.3982547265495944,0.3960380048514251,0.1866007597223079,22-10-2015,0.3960380048514251
0.4046228796563785,0.3982045795352542,0.3947519366237703,0.3907216413988276,0.28382729071442836,23-10-2015,0.3907216413988276
0.397257231492464,0.3992666166805583,0.3994837936868874,0.4031938447543966,0.22563476798135826,26-10-2015,0.4031938447543966
0.404297317557862,0.4017113125749056,0.3943832058307737,0.3932686597938144,0.23445912873225633,27-10-2015,0.3932686597938144
0.3971147873921237,0.3943972513432909,0.3960014777663854,0.3985445866181524,0.17994112496811465,28-10-2015,0.3985445866181524
0.3980100648506336,0.3949984115902022,0.4007947834749903,0.395856084495654,0.11626784692491686,29-10-2015,0.395856084495654
0.3952631911076662,0.390750265012833,0.3869679164491135,0.3863553527390337,0.297849751470152,30-10-2015,0.3863553527390337
0.3922518251195913,0.3991063048767649,0.3937891749453955,0.4002223428340409,0.2626212487849266,02-11-2015,0.4002223428340409
0.4022829727795423,0.3963810703392455,0.3948748380115953,0.3892258055387104,0.5662757750615292,03-11-2015,0.3892258055387104
0.4290394266314363,0.4330514847082872,0.4306198436591432,0.436284627046695,0.869192639931611,04-11-2015,0.436284627046695
0.4363237005484198,0.4367385580070071,0.4387930686321186,0.4365676248231251,0.30184139590356596,05-11-2015,0.4365676248231251
0.4365678558446091,0.4342938621126598,0.4394280762060871,0.4377602607640995,0.16041033277491643,06-11-2015,0.4377602607640995
0.4412273631700472,0.4335524465710947,0.4287967476848968,0.4235496300788357,0.25731284427071455,09-11-2015,0.4235496300788357
0.4218772313799037,0.4149366877183932,0.411938220230749,0.4057004244996968,0.310128022171206,10-11-2015,0.4057004244996968
0.4102590407219699,0.4064804494703574,0.4069195857518161,0.4109157105316354,0.22262897010058352,11-11-2015,0.4109157105316354
0.4104218217712282,0.405518610709157,0.4049326117011542,0.3985041479684658,0.1928536465981397,12-11-2015,0.3985041479684658
0.4004517134440027,0.3934754975465051,0.3923552837694678,0.3868809419850414,0.22831654636581072,13-11-2015,0.3868809419850414
0.3864935853885491,0.3974631359398246,0.3908804159049496,0.4012734950475035,0.1935085796226203,16-11-2015,0.4012734950475035
0.4050298160018261,0.3995070683554685,0.402351576038743,0.4006468566808167,0.13996263434744521,17-11-2015,0.4006468566808167
0.4036055235324178,0.4102877776623204,0.4046458322369138,0.4149383606225996,0.18568385348803496,18-11-2015,0.4149383606225996
0.4158951712668778,0.4199262778911918,0.4205825747012775,0.4164139943400041,0.16448470559037007,19-11-2015,0.4164139943400041
0.421897596814793,0.4175416954165339,0.4068171583693132,0.4127956236102689,0.29521623130855584,20-11-2015,0.4127956236102689
0.4094044656472675,0.4058792892234462,0.4090704071525222,0.4082272084091369,0.16598760453075734,23-11-2015,0.4082272084091369
0.4053757130145483,0.409526305611616,0.4097259174097591,0.409237921972913,0.16282324391774003,24-11-2015,0.409237921972913
0.4175229471693518,0.4292241300648967,0.4207464527776929,0.4322619749343036,0.2669575948101726,25-11-2015,0.4322619749343036
0.4373003542885731,0.4320695894379475,0.4343274883499732,0.4362441904184355,0.12622282889702366,27-11-2015,0.4362441904184355
0.4387856840559944,0.4361373977600959,0.4385677419102154,0.4335152516676774,0.17519803106450715,30-11-2015,0.4335152516676774
0.4373003542885731,0.4435917122825171,0.4426031407054516,0.447523755811603,0.24925372105368346,01-12-2015,0.447523755811603
0.4493865491106512,0.4447940327763395,0.4429718428205018,0.4370123408126137,0.19737613148297503,02-12-2015,0.4370123408126137
0.4462937783549615,0.4424895901727985,0.4404522885783743,0.4384677723873055,0.1944875321434231,03-12-2015,0.4384677723873055
0.4401489697480733,0.4341135218535914,0.4356589828697693,0.433757843137255,0.1692553756213243,04-12-2015,0.433757843137255
0.4304637191008446,0.4388426038423405,0.4325658410212146,0.435273913482919,0.20859272128118655,07-12-2015,0.435273913482919
0.4300974851392045,0.4251563217427482,0.4285714189145688,0.4263594117647059,0.17711457191509283,08-12-2015,0.4263594117647059
0.4284290068529231,0.4225513140446075,0.4214429089971492,0.4219122781483728,0.2026362777743304,09-12-2015,0.4219122781483728
0.4243799498266818,0.424535133040562,0.4274243051544568,0.4270669233879119,0.13465422983323305,10-12-2015,0.4270669233879119
0.4254583432486557,0.4190445810049559,0.4130853319424363,0.4067515746917324,0.217175790917802,11-12-2015,0.4067515746917324
0.4097299972251002,0.4093659938078227,0.4094596119508408,0.4099049969678593,0.18673174632720424,14-12-2015,0.4099049969678593
0.4184996314301888,0.4119710015059634,0.4158711916434822,0.4149787669294522,0.14656022281510855,15-12-2015,0.4149787669294522
0.4190693488248946,0.4373397182539184,0.4214633830024712,0.4421063169597737,0.34372263931114805,16-12-2015,0.4421063169597737
0.4431603337014358,0.4431107788749848,0.4400630837800557,0.4398423266626238,0.21923710643695735,17-12-2015,0.4398423266626238
0.4410238797369815,0.4393836206118505,0.4389978926707533,0.4339195613503134,0.19963047989355567,18-12-2015,0.4339195613503134
0.4385822311436125,0.439243367321044,0.4426645913993641,0.4381645401253285,0.1264848021068159,21-12-2015,0.4381645401253285
0.4452967876658903,0.4406861394897767,0.4396943816650055,0.4328886133009905,0.12705700674925668,22-12-2015,0.4328886133009905
0.4395792218326838,0.4344742003678806,0.436621744548144,0.4323832565191026,0.09903276733331925,23-12-2015,0.4323832565191026
0.4362829981646123,0.43132817590023,0.4369289959692817,0.4341419183343441,0.04064031767698667,24-12-2015,0.4341419183343441
0.438175294798165,0.4315285426107257,0.4313162998785995,0.4308671861734384,0.12290679958360021,28-12-2015,0.4308671861734384
0.4352656420406516,0.4430306370000203,0.4395305035885901,0.447523755811603,0.15772166035862745,29-12-2015,0.447523755811603
0.448572676419756,0.4548733834521763,0.4520668527832613,0.4493430280978371,0.24676497556065674,30-12-2015,0.4493430280978371
0.4524589544314514,0.4545126748801754,0.4575975934483378,0.4532241661613099,0.17900353663833185,31-12-2015,0.4532241661613099
0.4366085582284164,0.4303262521746152,0.4179196163880566,0.4196684940367899,0.46249301979276514,04-01-2016,0.4196684940367899
0.4277372128274788,0.4213289650955101,0.419968041132631,0.4197089003436426,0.2115295788435948,05-01-2016,0.4197089003436426
0.4147964408959859,0.4076226565444903,0.4117333654657431,0.4108348352536891,0.2523629294120078,06-01-2016,0.4108348352536891
0.4029747668049865,0.4043964601441634,0.4070015084026259,0.4039821993127148,0.2368651458432431,07-01-2016,0.4039821993127148
0.4104421587201463,0.4084041550466223,0.4010610889339087,0.3945825752981605,0.2419529413386828,08-01-2016,0.3945825752981605
0.4026085043573749,0.3964010987945205,0.3851448204748672,0.3882150919749344,0.2738929908378316,11-01-2016,0.3882150919749344
0.3977048702217189,0.3949783831349272,0.3898766775379844,0.3925005073782091,0.2049871426306243,12-01-2016,0.3925005073782091
0.398539079861532,0.3927941673707651,0.3789995462411441,0.3729735152617749,0.27630590198065513,13-01-2016,0.3729735152617749
0.3785989242484484,0.3874839836480917,0.3654389846741858,0.3848392823933697,0.4393014966943115,14-01-2016,0.3848392823933697
0.3720064443569093,0.3776050297404625,0.3733663781935646,0.3824338083687084,0.3764210323123269,15-01-2016,0.3824338083687084
0.391824553859938,0.388425793954017,0.3805973154934874,0.3818880149585608,0.2702598360599226,19-01-2016,0.3818880149585608
0.3728813563805297,0.3700104318695232,0.3610758297261186,0.3697190155649889,0.39434551508758836,20-01-2016,0.3697190155649889
0.3772560060259713,0.3739179283878783,0.3687983992068628,0.3722862361026886,0.21010940828524727,21-01-2016,0.3722862361026886
0.3838688208317161,0.3784666701175591,0.3770125721904823,0.3775015221346271,0.20720702088202242,22-01-2016,0.3775015221346271
0.374224274603007,0.3745992585636183,0.3705600465356216,0.3650293208004851,0.17787980944895973,25-01-2016,0.3650293208004851
0.3673876394152786,0.3630771357190488,0.3562210733236012,0.3593288821507985,0.3340641007080168,26-01-2016,0.3593288821507985
0.3585976987819558,0.3539395672952729,0.3498504703195502,0.3482312654133819,0.24120149186848913,27-01-2016,0.3482312654133819
0.3553624818912136,0.3499719573572283,0.3429677631777805,0.3515261714170204,0.3084596664667395,28-01-2016,0.3515261714170204
0.3536533317418086,0.3549014341103376,0.3545823273826675,0.3545583121083485,0.1884690423500373,29-01-2016,0.3545583121083485
0.3512320200973576,0.3664836703745965,0.3436642193972367,0.3661613139276329,0.35704880285137125,01-02-2016,0.3661613139276329
0.3586790730288868,0.3536590286521008,0.3385021808472105,0.3375378997372145,0.38986439439377313,02-02-2016,0.3375378997372145
0.3407125598103157,0.3352637230767464,0.3179155060189641,0.318738621386699,0.53862381336477,03-02-2016,0.318738621386699
0.31448512096932,0.319313085341875,0.3113810556648689,0.3224782737012331,0.2941614444375502,04-02-2016,0.3224782737012331
0.3157059605263464,0.313341627952601,0.2924331267775563,0.296745514453204,0.642461720888227,05-02-2016,0.296745514453204
0.2868130527099982,0.281580633827529,0.2683846100341298,0.2672124620982414,0.6338717572197746,08-02-2016,0.2672124620982414
0.2567400077204307,0.2868707890949274,0.2582449136937611,0.2677380230442692,0.5882746306522442,09-02-2016,0.2677380230442692
0.2733839396654428,0.2772122604107809,0.2596583308643668,0.2584798827572266,0.7092579953534225,10-02-2016,0.2584798827572266
0.276436008037325,0.2938241437583886,0.2704330347787041,0.272225593288862,0.9743955657587222,11-02-2016,0.272225593288862
0.2825401447810894,0.2813000971882043,0.2636732269763346,0.2733777905801496,0.49066892790910893,12-02-2016,0.2733777905801496
0.2900685739942621,0.2932029550562023,0.2849973367610525,0.2817262947240753,0.37746892515149605,16-02-2016,0.2817262947240753
0.2906789937727755,0.3060075382657113,0.2902617719672106,0.3090357651101678,0.39342171482147875,17-02-2016,0.3090357651101678
0.3179848280704572,0.3132414295684971,0.3068335506834891,0.3051748615322418,0.25984295395476126,18-02-2016,0.3051748615322418
0.3001607609869385,0.3023004385155638,0.3021836183196064,0.3047907863351526,0.19585255044707764,19-02-2016,0.3047907863351526
0.3133049837961011,0.325184374404757,0.3172395524827762,0.3273499191429149,0.34067547723935354,22-02-2016,0.3273499191429149
0.3255946640859571,0.3308352081864445,0.3250849926249743,0.3262785668081666,0.4043970135054082,23-02-2016,0.3262785668081666
0.3186562871816958,0.3263666363855926,0.3131221982619345,0.3298969072164949,0.3638049540512776,24-02-2016,0.3298969072164949
0.3306610772361592,0.3444413484110723,0.3281986064304263,0.3469375237517687,0.3882856611031827,25-02-2016,0.3469375237517687
0.3511099414319066,0.351414729525961,0.3482731750725291,0.3528198827572267,0.4099604971975757,26-02-2016,0.3528198827572267
0.3586383706450795,0.3601314779618941,0.3569175295430575,0.356033945825753,0.3019930646039721,29-02-2016,0.356033945825753
0.3624026005120077,0.3593299209467751,0.3435617920147338,0.3447544087325652,0.45457177721246694,01-03-2016,0.3447544087325652
0.3409974195250247,0.3444413484110723,0.3411036884665189,0.3487770285021226,0.32704597629831833,02-03-2016,0.3487770285021226
0.3502553663572043,0.36227557870393,0.3466754058201858,0.3637356074388518,0.3247433696648808,03-03-2016,0.3637356074388518
0.3700327714417132,0.3755210123604042,0.3738784843797083,0.3744491469577523,0.4391911921849252,04-03-2016,0.3744491469577523
0.3693816492793927,0.3868828234011805,0.3736736296147023,0.3830402122498484,0.3592411049754225,07-03-2016,0.3830402122498484
0.3812236888052815,0.3824743650200179,0.3835060745339334,0.3776025995552861,0.2799114806312174,08-03-2016,0.3776025995552861
0.3832991034370103,0.3862215497345799,0.3847146369395333,0.3899737234687689,0.21303247778398215,09-03-2016,0.3899737234687689
0.3944493184167711,0.3940766277357045,0.3803719867231594,0.3828178552658177,0.3498031753910638,10-03-2016,0.3828178552658177
0.3902374498205878,0.3863217481186837,0.3899176542265748,0.3875075803517284,0.22230495060426148,11-03-2016,0.3875075803517284
0.3998412936654895,0.4009498405242012,0.4007947834749903,0.4029714857489387,0.27212122465581523,14-03-2016,0.4029714857489387
0.4031375478542448,0.4054584972894675,0.402556430803749,0.409419842328684,0.21109525483788663,15-03-2016,0.409419842328684
0.4107270164001428,0.4126923885922535,0.4138637435874984,0.4166767596523146,0.234272989872667,16-03-2016,0.4166767596523146
0.4177874699351426,0.4245551614958371,0.419968041132631,0.4256721346270468,0.2526249026218,17-03-2016,0.4256721346270468
0.4333123345603449,0.4365381612387995,0.4364783404770506,0.4385284111582777,0.31666356435233983,18-03-2016,0.4385284111582777
0.4460089186402525,0.4473589555100658,0.450694412301246,0.4498079785728725,0.35775199409870845,21-03-2016,0.4498079785728725
0.4498138529257004,0.4455755312784715,0.4456962518276351,0.4415605518496059,0.28937698634292275,22-03-2016,0.4415605518496059
0.4399658212292134,0.4370391231016069,0.4241263413156921,0.4179907054780675,0.3330024198051743,23-03-2016,0.4179907054780675
0.406209953175045,0.4253366599979691,0.4097259174097591,0.4284414796846574,0.33383659765740775,24-03-2016,0.4284414796846574
0.4384194521290666,0.4371994349054001,0.4302101648555026,0.4335152516676774,0.26246958008452076,28-03-2016,0.4335152516676774
0.4349197429932171,0.4323300996258447,0.4308861491180617,0.4332524863553669,0.2685776922917827,29-03-2016,0.4332524863553669
0.4455002405782721,0.4385820936544434,0.4332828019723641,0.4267030503335355,0.2698668762452343,30-03-2016,0.4267030503335355
0.4338006451527236,0.4424294767531091,0.4302306388608246,0.432524770568021,0.5442424493116309,31-03-2016,0.432524770568021
0.4740472513818983,0.47188602827464,0.4683928000459434,0.4673337477258945,0.9208220443562011,04-04-2016,0.4673337477258945
0.4565080419783763,0.4807831169696414,0.4609365360241176,0.4844754416818274,0.6776971176052892,05-04-2016,0.4844754416818274
0.4839156179925909,0.5031861154436073,0.4884878426933682,0.5045886658580958,0.7988114689113633,06-04-2016,0.5045886658580958
0.5093088492284858,0.506392283388659,0.4906591688257676,0.4879725328481909,0.6023798197900075,07-04-2016,0.4879725328481909
0.4972022869368059,0.4893195251465059,0.4773649106693028,0.4735597473216091,0.49950018269184343,08-04-2016,0.4735597473216091
0.4778725205815519,0.4856524502453493,0.4717931933156359,0.4732565150596321,0.6234410870509398,11-04-2016,0.4732565150596321
0.4748204522096697,0.4712448131210262,0.4683723280890463,0.469011536284617,0.38914741508276285,12-04-2016,0.469011536284617
0.4728060769106662,0.478659042679033,0.4759514934986971,0.4825752961390742,0.3314030044190742,13-04-2016,0.4825752961390742
0.4819419450773948,0.4813441902482906,0.4835716355969383,0.4771780897513645,0.27670575582718016,14-04-2016,0.4771780897513645
0.478503277308983,0.4768555919960112,0.4796181594525119,0.4825348595108147,0.25052222291162507,15-04-2016,0.4825348595108147
0.4803752085076463,0.484289850009293,0.4848211767395535,0.4812613806347282,0.2863022481437816,18-04-2016,0.4812613806347282
0.4821861003735842,0.4763946850399064,0.4634970669548356,0.468101869820093,0.4301186462879084,19-04-2016,0.468101869820093
0.4682279743528428,0.4749719713841606,0.4640091731409791,0.4733575924802911,0.34991347990045,20-04-2016,0.4733575924802911
0.473782759136791,0.4694413323802926,0.4750911592028253,0.4699615787345867,0.18369837231908318,21-04-2016,0.4699615787345867
0.4735792757037254,0.4756532715021888,0.4726330556546103,0.4809985850010108,0.2528592997042458,22-04-2016,0.4809985850010108
0.4819622820263129,0.4824262859065816,0.4829775760336139,0.4770972447948252,0.24486222277374436,25-04-2016,0.4770972447948252
0.4800089745460063,0.479119919577426,0.480171242327246,0.4809783808368709,0.21408037062315113,26-04-2016,0.4809783808368709
0.4814332670154145,0.4776571189534183,0.4801917163325679,0.4763897331716192,0.2128394448925562,27-04-2016,0.4763897331716192
0.4755326137047156,0.4745110644280558,0.4761768202206002,0.4687891793005862,0.16549123423851927,28-04-2016,0.4687891793005862
0.4720532415177842,0.4644918271719083,0.4564504817366503,0.454740236506974,0.36505966784554583,29-04-2016,0.454740236506974
0.4585427542262978,0.453991684562093,0.4503257101861958,0.4568425368910451,0.2568302620421498,02-05-2016,0.4568425368910451
0.4501190475546152,0.4454152214785257,0.443770726422461,0.4376794158075601,0.2884256099494664,03-05-2016,0.4376794158075601
0.4357336156841123,0.4364981063320969,0.4207873987399121,0.417950268849808,0.5916458122203607,04-05-2016,0.417950268849808
0.4320101207563874,0.4248356981351617,0.3990536101515537,0.395653929654336,0.7677400674236314,05-05-2016,0.395653929654336
0.3962195078989015,0.4002484818931862,0.3956122729680668,0.4025267697594502,0.3837700702501842,06-05-2016,0.4025267697594502
0.4060878745095942,0.3998076334500682,0.3929288406495239,0.390378002829998,0.3211171089188086,09-05-2016,0.390378002829998
0.3894642795135001,0.3864219465027875,0.3892416699640158,0.3899130826763695,0.2724590322158106,10-05-2016,0.3899130826763695
0.3895456537604314,0.3984650596654395,0.3913925220910931,0.3904588781079443,0.3476936016490522,11-05-2016,0.3904588781079443
0.3973793081232025,0.39083040488395,0.3864967889999852,0.3870628643622398,0.24349720447008993,12-05-2016,0.3870628643622398
0.3899322551916732,0.3898885945780247,0.392723985884518,0.3877299393571863,0.18643530295822874,13-05-2016,0.3877299393571863
0.3906850885498427,0.3937960910963798,0.3952230661213234,0.3891044936325046,0.19516314726341355,16-05-2016,0.3891044936325046
0.3925163478853824,0.3871233051338025,0.387234221908032,0.381766735395189,0.1878692615802497,17-05-2016,0.381766735395189
0.3927198007977643,0.3981244096064253,0.3948748380115953,0.3949262138669901,0.37910281069677965,18-05-2016,0.3949262138669901
0.4018149665806856,0.4010900938150076,0.393953053021811,0.4030927976551445,0.4651954802727278,19-05-2016,0.4030927976551445
0.4086719672033035,0.408624580270105,0.4124913031054831,0.4133414170204164,0.612782913831496,20-05-2016,0.4133414170204164
0.4145319181301949,0.4127324735566678,0.411487564738518,0.4051344269254094,0.3435985467380886,23-05-2016,0.4051344269254094
0.4078784314613264,0.4049976203910745,0.4100946195248094,0.4085506448352538,0.19960290376620934,24-05-2016,0.4085506448352538
0.410543900436679,0.410247692697906,0.4128190285319428,0.4119264240954114,0.2073931597416114,25-05-2016,0.4119264240954114
0.4158137970199466,0.4180626857346162,0.4180220437705595,0.4231251162320599,0.27258312478887,26-05-2016,0.4231251162320599
0.4249496651866754,0.4194052595192451,0.4215043596910617,0.4189205437638974,0.24348341640641663,27-05-2016,0.4189205437638974
0.4209819518866814,0.4170407335537264,0.4230406782494925,0.4193046209824136,0.18410512019744468,31-05-2016,0.4193046209824136
0.4178078068840607,0.4123316800202525,0.4135974381285799,0.4118859874671519,0.19745885986501446,01-06-2016,0.4118859874671519
0.4139622007354892,0.4073421199051656,0.4140480956692359,0.4106731493834647,0.13197245144878048,02-06-2016,0.4106731493834647
0.4147964408959859,0.4114099262234666,0.4158916656488042,0.4107337881544371,0.14549854191226616,03-06-2016,0.4107337881544371
0.4107270164001428,0.4093259088434083,0.4106477023995435,0.4141499757428745,0.14691181843877718,06-06-2016,0.4141499757428745
0.4193542065048912,0.436458019363835,0.4230816549380828,0.4377198221144129,0.4201981344749849,07-06-2016,0.4377198221144129
0.4428754760214392,0.4493026895416058,0.4457986792101381,0.4441479765514453,0.4035421535576649,08-06-2016,0.4441479765514453
0.4452764222310008,0.4382414435954293,0.4344299157324763,0.4316959793814433,0.30151737640724396,09-06-2016,0.4316959793814433
0.4298329623734134,0.4234931243505329,0.416731525939354,0.4103294784718012,0.4073062949404696,10-06-2016,0.4103294784718012
0.4137790847720252,0.4190846659693703,0.415174735424026,0.4084697695573075,0.28089732718385657,13-06-2016,0.4084697695573075
0.4125175733518751,0.411930916541549,0.4046663062422359,0.4025874408732566,0.23865070008893266,14-06-2016,0.4025874408732566
0.4085905624356886,0.4113297562946377,0.4099922228686776,0.4081261309884779,0.19234348824222822,15-06-2016,0.4081261309884779
0.409546879226924,0.4035949031290445,0.4066532802928977,0.4085910511421063,0.16006563118308453,16-06-2016,0.4085910511421063
0.4103404170036134,0.4075024297051114,0.408701705037472,0.4036183565797454,0.20641420722080855,17-06-2016,0.4036183565797454
0.4137790847720252,0.415036886102497,0.4163423211410353,0.412168985243582,0.23694787422528288,20-06-2016,0.412168985243582
0.4161800309815868,0.4126723601369784,0.417530411589738,0.4119870648878108,0.30406127415496376,21-06-2016,0.4119870648878108
0.3653325902184391,0.3625360888918271,0.3628784537434678,0.3650697271073378,0.6902442555479721,23-06-2016,0.3650697271073378
0.3538568151748742,0.3576667235545597,0.3579622159206667,0.3585000889427936,0.47623971927502345,24-06-2016,0.3585000889427936
0.3555049280262661,0.365060926661139,0.3541521438473336,0.3694158136244189,0.4885731422307706,27-06-2016,0.3694158136244189
0.3779478000514156,0.3755610973248187,0.3777909838355442,0.3759652173034163,0.420115406092945,28-06-2016,0.3759652173034163
0.3845402799429547,0.3910508301074327,0.3851448204748672,0.3929452233676976,0.40512088684825526,29-06-2016,0.3929452233676976
0.4004924158278101,0.3944974497273949,0.3974763456309036,0.3971700000000001,0.3257154281538469,30-06-2016,0.3971700000000001
0.3865953271050818,0.4039956966654598,0.3912900947085901,0.4057004244996968,0.3641082914520896,01-07-2016,0.4057004244996968
0.3938999379709832,0.3965814370497413,0.3953869441977389,0.4006064200525572,0.34861740191516194,05-07-2016,0.4006064200525572
0.3944493184167711,0.397964097802632,0.3974353689423132,0.4015362886597938,0.33101004460438593,06-07-2016,0.4015362886597938
0.4007569385936012,0.4037552149328378,0.4056495419259325,0.4045684293511219,0.24084300221298374,07-07-2016,0.4045684293511219
0.4103200800546954,0.407141723136958,0.408701705037472,0.4062664220739843,0.27274858155294934,08-07-2016,0.4062664220739843
0.4147150666490547,0.4211085418758749,0.4189643027656657,0.4224378390944007,0.3661627129394083,11-07-2016,0.4224378390944007
0.4231387733207375,0.4225513140446075,0.426563970858585,0.4221750434606833,0.3069774496218621,12-07-2016,0.4221750434606833
0.4259873582595541,0.4187239573973694,0.4205620699695842,0.4178896280574086,0.23774758191833292,13-07-2016,0.4178896280574086
0.4211447329359398,0.4174214685771549,0.4221188932597082,0.4158682009298566,0.17630107615836946,14-07-2016,0.4158682009298566
0.419923923899597,0.4130330386512676,0.4192306061761594,0.4135839781685871,0.14585703156777138,15-07-2016,0.4135839781685871
0.414063942452022,0.4217297285742137,0.4164857252121288,0.4254093389933294,0.2270618325715425,18-07-2016,0.4254093389933294
0.4249700021355933,0.4257574819896594,0.429698058669359,0.4234081160299172,0.20658655801672454,19-07-2016,0.4234081160299172
0.4279610311747502,0.4271601691939777,0.4302101648555026,0.4296745522538913,0.1689037799976557,20-07-2016,0.4296745522538913
0.4270047143835148,0.4232526726756226,0.4181244711530624,0.413786133009905,0.29714656022281494,21-07-2016,0.413786133009905
0.4188455284429109,0.4165397716909191,0.4176738156608314,0.4173640671113807,0.16967591156335923,22-07-2016,0.4173640671113807
0.4194152458376167,0.4303462786260427,0.422774372790574,0.4330098948857894,0.3014208599615312,25-07-2016,0.4330098948857894
0.4304433821519266,0.4275609326726813,0.4308246984241491,0.4319991813220134,0.22829586427030102,26-07-2016,0.4319991813220134
0.4338006451527236,0.4342938621126598,0.4341431362682358,0.4299373458661816,0.19099915203408363,27-07-2016,0.4299373458661816
0.430972397162825,0.4290838467163784,0.43348765673737,0.4342227632908835,0.15860409643371684,28-07-2016,0.4342227632908835
0.4365678558446091,0.4381412452113254,0.4409439207591958,0.4426723125126339,0.20353250191309344,29-07-2016,0.4426723125126339
0.4463344807387689,0.44084645129357,0.439182275478862,0.4330098948857894,0.26871557292851556,01-08-2016,0.4330098948857894
0.433861684485449,0.4273004224847841,0.4228358234844865,0.4273296887002223,0.26306936085430827,02-08-2016,0.4273296887002223
0.429792259989606,0.4269597724257701,0.4285919236462621,0.4244794683646655,0.2598567420184344,03-08-2016,0.4244794683646655
0.4263739576560837,0.4292842434845861,0.4241673180042826,0.4342227632908835,0.2777260725390025,04-08-2016,0.4342227632908835
0.4351435633752007,0.4315686275751402,0.4351263719519325,0.433050331514049,0.21279808070153644,05-08-2016,0.433050331514049
0.4310741388793578,0.4267594057152742,0.4324429396333897,0.4252274186375581,0.14788387692774335,08-08-2016,0.4252274186375581
0.4286731926697962,0.4306468437206425,0.4335900533935018,0.4311299818071559,0.14403700716289877,09-08-2016,0.4311299818071559
0.4315624799924202,0.4273004224847841,0.4294317532104406,0.4241964705882353,0.15303371870971272,10-08-2016,0.4241964705882353
0.427350611396237,0.4226915973931258,0.4269531777053284,0.4227006347281181,0.1215004170889257,11-08-2016,0.4227006347281181
0.4258042422960901,0.4208480316879778,0.4282436627617381,0.4241156276531231,0.11685383963103116,12-08-2016,0.4241156276531231
0.4270454167673223,0.4265590089470665,0.4300667607844092,0.4240751890034365,0.13207586192633003,15-08-2016,0.4240751890034365
0.4259670213106361,0.4219301253424213,0.4269531777053284,0.420072773398019,0.14812516804202583,16-08-2016,0.420072773398019
0.4236067489989105,0.4172010453575197,0.4257036365627134,0.4193248534465332,0.11503381522615827,17-08-2016,0.4193248534465332
0.4225690559260316,0.4188642427497351,0.4246589194587329,0.4198706185567011,0.11002874811275833,18-08-2016,0.4198706185567011
0.4219993080106423,0.4178823454755479,0.4251505536879792,0.4228825550838892,0.10623703060260695,19-08-2016,0.4228825550838892
0.423281186900394,0.4177621206400166,0.4254578051091169,0.4186981867798667,0.13422679985936142,22-08-2016,0.4186981867798667
0.4235864120499925,0.424535133040562,0.4257036365627134,0.4225591186577725,0.32166863146573976,23-08-2016,0.4225591186577725
0.4291411683479691,0.4218499554135925,0.4245155461140107,0.4180715484131797,0.16905544869806188,24-08-2016,0.4180715484131797
0.421124398021734,0.4151370844866008,0.4215453363796521,0.4147160036385688,0.11333788339434517,25-08-2016,0.4147160036385688
0.4191507230718256,0.4132534638747503,0.4175509142730064,0.4127552152819891,0.14618794509593014,26-08-2016,0.4127552152819891
0.4151016355249006,0.4083239851177936,0.4097259174097591,0.4030725631695978,0.21701033415372284,29-08-2016,0.4030725631695978
0.4068814122862836,0.3997274935789513,0.4005489827477651,0.3952698524358197,0.21029554714483636,30-08-2016,0.3952698524358197
0.3953242304403915,0.3926939990443731,0.3967184079911637,0.3966242065898525,0.21771352540105984,31-08-2016,0.3966242065898525
0.3924349431177675,0.3896882278675288,0.3800237586134313,0.3739033838690115,0.5394304150896568,01-09-2016,0.3739033838690115
0.3788430795446378,0.3738578149681889,0.3712155260664874,0.3678593066504953,0.40391443127684334,02-09-2016,0.3678593066504953
0.3721081860734421,0.3739580133522928,0.3769511214965698,0.3780675197089145,0.29451993409305555,06-09-2016,0.3780675197089145
0.3852931133011243,0.3804705175687884,0.3804539421487651,0.3758035314331919,0.24283537741377262,07-09-2016,0.3758035314331919
0.3731865815301284,0.3672250839123142,0.3715432822193182,0.3670103112997777,0.22470407368341197,08-09-2016,0.3670103112997777
0.3722505996530987,0.3672851973320036,0.3660944642050516,0.3611683869011522,0.2508393483761105,09-09-2016,0.3611683869011522
0.3639286346979487,0.370190770124744,0.366913852538704,0.3689104568425308,0.24795764306839546,12-09-2016,0.3689104568425308
0.3681201378592425,0.3644197095036777,0.3655823580189079,0.3643622458055388,0.23928495101790345,13-09-2016,0.3643622458055388
0.36545466888389,0.3632775024295446,0.3684706451024567,0.3650899615928846,0.14725652003060916,14-09-2016,0.3650899615928846
0.3669603661209131,0.372495212728285,0.371625204870128,0.3731958722458055,0.20397371995063848,15-09-2016,0.3731958722458055
0.3749567710122587,0.3788674335962625,0.3769511214965698,0.3832625712553063,0.20608329369264997,16-09-2016,0.3832625712553063
0.3883451816730066,0.3863417765739587,0.3892416699640158,0.3851627167980594,0.15035883435709677,19-09-2016,0.3851627167980594
0.3880399870440919,0.3829753268828254,0.3870088951861288,0.3817262967455023,0.15801120969576601,20-09-2016,0.3817262967455023
0.3870633027832548,0.3814724412944032,0.3821950847458306,0.3828987285223367,0.17338490069147106,21-09-2016,0.3828987285223367
0.3871243421159802,0.3820335165769001,0.3851448204748672,0.3853446391752577,0.15610845690885378,22-09-2016,0.3853446391752577
0.3862901324761671,0.3878446621623809,0.3906141104460311,0.3874065029310694,0.19211598519161924,23-09-2016,0.3874065029310694
0.3873278255490459,0.3894878310993212,0.3923143070808773,0.3905195168789165,0.15690127057006722,26-09-2016,0.3905195168789165
0.393737156921725,0.3874438986836773,0.3884427863620566,0.3840913644633111,0.22438005418709,27-09-2016,0.3840913644633111
0.3893828747458853,0.38397725060844,0.3897742501554814,0.3850212330705478,0.13580553314995172,28-09-2016,0.3850212330705478
0.38549659673419,0.3821337149610038,0.3801876366898468,0.373761869820093,0.17983082045872847,29-09-2016,0.373761869820093
0.3785989242484484,0.3774246614275298,0.3780777612513599,0.3804932261976956,0.1701309176645775,30-09-2016,0.3804932261976956
0.3991291626911272,0.3988457946888679,0.3958990503838824,0.4000404224782697,0.40546558844008723,03-10-2016,0.4000404224782697
0.4007569385936012,0.3941367712131057,0.397066666827263,0.3954113685061654,0.23598270976815333,04-10-2016,0.3954113685061654
0.3990070840256763,0.3937960910963798,0.3956327449249641,0.3894481645441682,0.12126602000647989,05-10-2016,0.3894481645441682
0.3791076023104288,0.3758817209324052,0.3794297297764779,0.37436830402264,0.3160844656780622,06-10-2016,0.37436830402264
0.3761369081854778,0.3700906017983519,0.3703961684592061,0.3654942409541136,0.2326391043273833,07-10-2016,0.3654942409541136
0.3768490696805238,0.3757414355800395,0.3783030900216878,0.3742672266019811,0.2204573500720423,10-10-2016,0.3742672266019811
0.3778664258044845,0.3718539675169594,0.375537704325964,0.3725490317364059,0.1523512095578856,11-10-2016,0.3725490317364059
0.3760351664689449,0.3752204472658045,0.3798598805370158,0.3753992217505559,0.12769125767822756,12-10-2016,0.3753992217505559
0.3751195520615169,0.3692489598188188,0.3729566993899241,0.3728320295128361,0.16380909047037942,13-10-2016,0.3728320295128361
0.3754451141600334,0.3703109969641229,0.3714203808314933,0.3652920861127956,0.28619883766623205,14-10-2016,0.3652920861127956
0.3680998009103247,0.36421931273547,0.3626121482845494,0.3601374711946634,0.3057916761459601,17-10-2016,0.3601374711946634
0.3659430099969523,0.3663834719904927,0.3651931532205894,0.3705276046088539,0.383446050753862,18-10-2016,0.3705276046088539
0.3735731809266578,0.380791141176375,0.3750255981398204,0.379543153426319,0.47380612603668987,19-10-2016,0.379543153426319
0.3784157757295885,0.3734570514894854,0.3729566993899241,0.3705276046088539,0.3415579133144435,20-10-2016,0.3705276046088539
0.3712536109987396,0.3705915636611593,0.3736941343463955,0.3725287972508592,0.19474950535321542,21-10-2016,0.3725287972508592
0.3761369081854778,0.375360700556611,0.3795116524272878,0.377926005659996,0.18152675229054177,24-10-2016,0.377926005659996
0.3800028492482551,0.3768435576897581,0.3814576497893591,0.3770770082878513,0.16038965067940658,25-10-2016,0.3770770082878513
0.3761369081854778,0.3738377865129139,0.37920440100615,0.3768748837679402,0.38015759756778533,26-10-2016,0.3768748837679402
0.3971758246901369,0.3948982132060984,0.3823794347791432,0.380452789569436,0.8945144188675863,27-10-2016,0.380452789569436
0.3822410449292421,0.3781059916032699,0.378651318131416,0.3722862361026886,0.28690202891356914,28-10-2016,0.3722862361026886
0.379168639608442,0.3724350993085956,0.3704166424645282,0.3677582292298363,0.31531922814419533,31-10-2016,0.3677582292298363
0.3701141456886444,0.3644397379589527,0.35464377807658,0.3537295189003436,0.4785492199402974,01-11-2016,0.3537295189003436
0.3538568151748742,0.3528174167302794,0.3534147109392869,0.3481301879927229,0.28506132241318666,02-11-2016,0.3481301879927229
0.3517203612104199,0.3503526923806569,0.3524519472124875,0.3469173195876288,0.17472923689961564,03-11-2016,0.3469173195876288
0.3517203612104199,0.3543403608316883,0.3502396771662935,0.3532646007681423,0.34659745058702673,04-11-2016,0.3532646007681423
0.3610596822895305,0.3560035261623445,0.3586177261779037,0.3586214008489994,0.2586364983833493,07-11-2016,0.3586214008489994
0.3614666186349781,0.3624158620524481,0.3610963037314406,0.3621184596725288,0.2170999565675991,08-11-2016,0.3621184596725288
0.3474067814183877,0.351414729525961,0.3461223229454518,0.3522538872043664,0.5552866883139267,09-11-2016,0.3522538872043664
0.3558915274227957,0.350633231023829,0.3388913856455291,0.3427329816050132,0.45719840334222644,10-11-2016,0.3427329816050132
0.3420351410838748,0.3451627354973624,0.3441763255833804,0.3492217465130382,0.2667990320779298,11-11-2016,0.3492217465130382
0.3496856489624984,0.3439003015838506,0.3343234066588273,0.334849397614716,0.4435413262738446,14-11-2016,0.334849397614716
0.3390644489936361,0.3402532851956807,0.342230328221309,0.3395391227006267,0.26083569453923716,15-11-2016,0.3395391227006267
0.3387999262278449,0.3368467505401329,0.3405096596295655,0.3398625288053366,0.22859920167111303,16-11-2016,0.3398625288053366
0.3405091068979338,0.3463850824426123,0.3423532296091339,0.3494239013543562,0.3287488021619684,17-11-2016,0.3494239013543562
0.3550776242112168,0.3534185769771905,0.3482731750725291,0.3420659066100667,0.3510303130579856,18-11-2016,0.3420659066100667
0.3436628864656652,0.3451827619487899,0.3470646126669291,0.3410551930462907,0.2924793006694102,21-11-2016,0.3410551930462907
0.3452906623681391,0.3503526923806569,0.3456307214910014,0.3544976713159491,0.37813075220781345,22-11-2016,0.3544976713159491
0.3549962499642858,0.3587087322445889,0.3564668740508264,0.3584798847786537,0.3290797156901266,23-11-2016,0.3584798847786537
0.3611614240060632,0.3619149001896407,0.3659715628172265,0.3655750838892258,0.1549502595602983,25-11-2016,0.3655750838892258
0.364905288438102,0.3661430203155824,0.3678356375284882,0.3645037295330504,0.30407506221863706,28-11-2016,0.3645037295330504
0.3650680694873603,0.3608929199548867,0.3574910864231135,0.3512634061047099,0.2978773275974987,29-11-2016,0.3512634061047099
0.3557897857062629,0.3511943043024784,0.3533942369339649,0.3509197372144734,0.2363687755510052,30-11-2016,0.3509197372144734
0.3501943270244788,0.3444613768663473,0.3400794760942316,0.3357186274509805,0.3452462203470454,01-12-2016,0.3357186274509805
0.3392679324267017,0.3371473456924445,0.3380310513496573,0.3348898342429756,0.2705080212060417,02-12-2016,0.3348898342429756
0.3385150685478483,0.3451827619487899,0.3431725872164153,0.3456640448756822,0.2725693367251968,05-12-2016,0.3456640448756822
0.3446395707265021,0.3405538803479923,0.3435208153261433,0.3437436951687893,0.2256485560450316,06-12-2016,0.3437436951687893
0.3459214190955703,0.3542201039345977,0.3482731750725291,0.3585000889427936,0.36837569715896923,07-12-2016,0.3585000889427936
0.3579262396707173,0.3524166532515758,0.3575730090739233,0.3567616595916718,0.21203284316766954,08-12-2016,0.3567616595916718
0.3555252629404718,0.3551018008208335,0.3601745187416565,0.356539302607641,0.17952058902607992,09-12-2016,0.356539302607641
0.3594522738566583,0.3562640363502415,0.3609324256550252,0.357044659389529,0.15996911473737135,12-12-2016,0.357044659389529
0.3602254441637459,0.3700104318695232,0.3646605730291237,0.3686072245805539,0.4622724107739928,13-12-2016,0.3686072245805539
0.3715384686787364,0.3734570514894854,0.3723626398265995,0.369698811400849,0.2779949397806316,14-12-2016,0.369698811400849
0.37086701160221,0.368928366268944,0.3736531556093803,0.3674550272892662,0.21379082128601234,15-12-2016,0.3674550272892662
0.3701955524909715,0.3726354660190915,0.3740833391447142,0.3773802405498282,0.25359006707892956,16-12-2016,0.3773802405498282
0.379168639608442,0.3763626242822258,0.3786717900883133,0.3778653648675965,0.23230129676738814,19-12-2016,0.3778653648675965
0.3803080743978535,0.3854801361968621,0.38412060810258,0.3901152071962806,0.315098619125423,20-12-2016,0.3901152071962806
0.3912955083283561,0.3919525554489436,0.394178381792139,0.3879118597129574,0.3508441741983965,21-12-2016,0.3879118597129574
0.390827532650183,0.3874639551928167,0.3923143070808773,0.3894279300586214,0.20631079674325908,22-12-2016,0.3894279300586214
0.390379893920928,0.3943972513432909,0.3947929153607855,0.3993127066909239,0.313816329203808,23-12-2016,0.3993127066909239
0.4043787243601892,0.4120311149256527,0.4085378269610566,0.4118253466747524,0.3996608136336373,27-12-2016,0.4118253466747524
0.4179095486005935,0.4151370844866008,0.4142324457025486,0.4122498585001011,0.2525973264944534,28-12-2016,0.4122498585001011
0.4118664511895545,0.4059193741878605,0.40792329339241,0.4020214129775622,0.27069416006563085,29-12-2016,0.4020214129775622
0.4072680116828132,0.4025128395323127,0.4029251329187991,0.4000202183141298,0.31189289432138567,30-12-2016,0.4000202183141298
0.4043380219763817,0.4081837318269871,0.4014502957806521,0.406690933899333,0.4001847600532218,03-01-2017,0.406690933899333
0.4041142015943981,0.4235532377702223,0.4083125002391534,0.4269052051748535,0.7648928322750992,04-01-2017,0.4269052051748535
0.4278592894582173,0.4225112290801932,0.4239624632392766,0.4264200525571053,0.3993850523601715,05-01-2017,0.4264200525571053
0.4288969825310961,0.4281821213748675,0.4311319498452868,0.4309884677582374,0.3729257581711511,06-01-2017,0.4309884677582374
0.4330478117945538,0.431408315771347,0.4363554390892256,0.4355771154234891,0.26617856921263233,09-01-2017,0.4355771154234891
0.4392129878710438,0.4315686275751402,0.4340816855743233,0.4327268950879321,0.24415213749457057,10-01-2017,0.4327268950879321
0.4332512952276195,0.4275208477082668,0.4336515040874143,0.432443897311502,0.24351788656559978,11-01-2017,0.432443897311502
0.4332309297927301,0.4289636198769995,0.4313982553042053,0.4321608975136447,0.2531281669458748,12-01-2017,0.4321608975136447
0.4351435633752007,0.4432911471879174,0.4396124262393999,0.448655750960178,0.4118839320799982,13-01-2017,0.448655750960178
0.4487761293321379,0.447519267313859,0.4494038944700404,0.4442692581362442,0.31016249233038945,17-01-2017,0.4442692581362442
0.4486743876156051,0.4470183054510516,0.4518825027499486,0.4498888235294118,0.2516666321965072,18-01-2017,0.4498888235294118
0.4702423496518463,0.4649927890347157,0.4624728545825484,0.4608045178896301,0.5248977959780217,19-01-2017,0.4608045178896301
0.4666002289710526,0.4596224918923529,0.4671022842631627,0.4627653042247828,0.2816763527813968,20-01-2017,0.4627653042247828
0.4673937647130298,0.4694213039250176,0.4722028721192765,0.4712350879320801,0.423596892170448,23-01-2017,0.4712350879320801
0.4758378083336304,0.4772563554747147,0.4807038225187116,0.4827370143521327,0.334153723121893,24-01-2017,0.4827370143521327
0.490711550796512,0.4845904131000451,0.485107954155369,0.4824540145542754,0.34636305350458085,25-01-2017,0.4824540145542754
0.484566709634228,0.4791399760865653,0.4829571020282919,0.4784920052557107,0.2091373497962811,26-01-2017,0.4784920052557107
0.4786457214093232,0.4736494240509593,0.4783891230415901,0.4793814372346877,0.21011630231708378,27-01-2017,0.4793814372346877
0.4809856282861596,0.4782382206873427,0.475480364001144,0.474691742470184,0.2538796164160685,30-01-2017,0.474691742470184
0.4742914371987712,0.479440541181165,0.4767094004120659,0.4773195734788762,0.27559581670148137,31-01-2017,0.4773195734788762
0.4820436867939277,0.4740501875296628,0.4794747861077897,0.4718819587628866,0.2647515046224482,01-02-2017,0.4718819587628866
0.4724601778632318,0.4724871885215513,0.476729905143759,0.4765514513846776,0.16416758012588453,02-02-2017,0.4765514513846776
0.4797241168660094,0.4720062551140189,0.480765273212624,0.476106735395189,0.14258236644536798,03-02-2017,0.476106735395189
0.4778725205815519,0.4833079827928175,0.4827113013010667,0.4891246998180716,0.2374304564538475,06-02-2017,0.4891246998180716
0.492502105713532,0.4876763562095656,0.4945716969595499,0.4885385304224784,0.28446843567523566,07-02-2017,0.4885385304224784
0.4907929555641269,0.494409253587985,0.4941210414673189,0.4978370466949667,0.2629728444085951,08-02-2017,0.4978370466949667
0.5089018823623546,0.5100793566873791,0.5145028308041882,0.5122296583788156,0.5309576499624274,09-02-2017,0.5122296583788156
0.5161047820324068,0.5096185098466979,0.5144208753785826,0.5122902991712149,0.24137384266440512,10-02-2017,0.5122902991712149
0.5180377200083996,0.5293363627552535,0.5234339954653284,0.5352739155043462,0.4764534342619591,13-02-2017,0.5352739155043462
0.534905502856079,0.5425617679564528,0.5400261846857618,0.5360420679199516,0.4982109987383919,14-02-2017,0.5360420679199516
0.536879175771275,0.5322419034864347,0.5355811378132561,0.533575924802911,0.33294037351864464,15-02-2017,0.533575924802911
0.531995878584537,0.5277533052341552,0.5193166412444864,0.5117243015969276,0.47974188744803603,16-02-2017,0.5117243015969276
0.507986237434243,0.5135059799136253,0.5104059813150394,0.5183545805538712,0.423197038323923,17-02-2017,0.5183545805538712
0.5276212594597792,0.5305586796427918,0.5306034820713386,0.5287851526177483,0.3831840775440697,21-02-2017,0.5287851526177483
0.5375099324987063,0.5346666029870664,0.5277151949877896,0.5209420052557107,0.595403059571329,22-02-2017,0.5209420052557107
0.4812501510519505,0.484169623169914,0.4818304622735017,0.487568223165555,0.5551832778363769,24-02-2017,0.487568223165555
0.4721142808505096,0.464351573881102,0.4650538595185884,0.4657974449161108,0.7819417730071075,27-02-2017,0.4657974449161108
0.464016134242631,0.4696417291485003,0.4689253802374091,0.4733980291085507,0.41085672133633894,28-02-2017,0.4733980291085507
0.4843428912869565,0.4773565538588185,0.4795976874956147,0.4734586699009502,0.32339903345673615,01-03-2017,0.4734586699009502
0.4752477560247189,0.4742104993334561,0.4778770168554464,0.474388510208207,0.222904731374049,02-03-2017,0.474388510208207
0.4773435055706536,0.4714451798315221,0.4793723587252868,0.4765918880129371,0.19309493771242203,03-03-2017,0.4765918880129371
0.4715852678743236,0.4710444163528186,0.4763201956137473,0.4758641742470184,0.22315981055200493,06-03-2017,0.4758641742470184
0.4797444517802152,0.4754328462787061,0.4779794442379494,0.4705680129371337,0.23032960366210947,07-03-2017,0.4705680129371337
0.469733671589866,0.467778165045789,0.4718341700042264,0.467091156256317,0.24864704625205925,08-03-2017,0.467091156256317
0.4710155504796177,0.4649527341280132,0.4670818102578407,0.4631089427936122,0.25927074931231986,09-03-2017,0.4631089427936122
0.4681262631569937,0.4606244156179677,0.4670818102578407,0.4606630321406913,0.2032222704804447,10-03-2017,0.4606630321406913
0.4652980131323829,0.4613257742489827,0.4666311547656097,0.4656761633313119,0.20020957856783356,13-03-2017,0.4656761633313119
0.4679227797239282,0.483909112982017,0.4732680611801542,0.489589650293107,0.5156666873487621,14-03-2017,0.489589650293107
0.4900807940690808,0.4896802036607952,0.4901675653228925,0.4850010026278553,0.3593376214211353,15-03-2017,0.4850010026278553
0.5010682279995833,0.499198479054135,0.4999795075588552,0.4977764059025673,0.4835267109263508,16-03-2017,0.4977764059025673
0.5043237798045314,0.4983568370746019,0.5043631651901906,0.4966646452395391,0.439770290859203,17-03-2017,0.4966646452395391
0.4974057703698717,0.4967938380664903,0.49948790405598,0.4975136709116636,0.24100156494522648,20-03-2017,0.4975136709116636
0.5019431400232038,0.4972947999292976,0.4819124156506826,0.474792789569436,0.46811165573962604,21-03-2017,0.474792789569436
0.4790119553709635,0.4777974023019364,0.4824654698474702,0.4835455730745907,0.27168000661827035,22-03-2017,0.4835455730745907
0.486804905315215,0.4830074176982177,0.4881805912722306,0.4830806529209623,0.22072621731367129,23-03-2017,0.4830806529209623
0.4874356620426461,0.49547135285256,0.4916833811980548,0.5000202223569841,0.3811572321840979,24-03-2017,0.5000202223569841
0.4974057703698717,0.5088570377959932,0.501392924729461,0.5142914918132203,0.4213839079508867,27-03-2017,0.5142914918132203
0.5308157108906343,0.5291159074740592,0.5326314020842197,0.52890643218112,0.5424982592569612,28-03-2017,0.52890643218112
0.5335015453008762,0.5269517782767482,0.5337375698821124,0.5287649181322014,0.24526897065210618,29-03-2017,0.5287649181322014
0.5328911580777591,0.5317610001366142,0.5371584023339062,0.5298565049524965,0.2778225889847158,30-03-2017,0.5298565049524965
0.5342951135982494,0.5271120600228296,0.5353353370860309,0.5306245967252881,0.21896134516349167,31-03-2017,0.5306245967252881
0.5509186780736597,0.5658264068075153,0.5522552845077201,0.5714978552658178,0.9493150779370301,03-04-2017,0.5714978552658178
0.5712454961593526,0.5774687564914638,0.5726371352973316,0.5819688942793614,0.6905131227896009,04-04-2017,0.5819688942793614
0.5817242520278748,0.5776090398399818,0.571961181761144,0.564382454012533,0.5351423272872674,05-04-2017,0.564382454012533
0.5712251286897508,0.5717177223218248,0.571756326996138,0.571861758641601,0.3724224938470764,06-04-2017,0.571861758641601
0.572486640109901,0.573220607910247,0.5780039978859928,0.5796240327471196,0.3075496542643031,07-04-2017,0.5796240327471196
0.5961910255899128,0.5953431018064476,0.6016837817879979,0.5995351020820701,0.5202236423927804,10-04-2017,0.5995351020820701
0.6047978807804554,0.5948220814306533,0.5951083567937371,0.5920962017384275,0.38648631879382006,11-04-2017,0.5920962017384275
0.5904734882426779,0.5847627892678033,0.5763038319775178,0.5681018718415202,0.4089677566130998,12-04-2017,0.5681018718415202
0.5708588947281109,0.5826387169810424,0.5742143998179817,0.5825752981605015,0.6319138521781693,13-04-2017,0.5825752981605015
0.5830671682156398,0.5758456440636627,0.5811380856967668,0.5774004487568224,0.2771538678965615,17-04-2017,0.5774004487568224
0.5769630314718752,0.5695134781023877,0.5795403164444235,0.5749949464321813,0.2011126967384333,18-04-2017,0.5749949464321813
0.5825787945471813,0.5810957143666468,0.5881641661832588,0.5856478451586822,0.2605599332657716,19-04-2017,0.5856478451586822
0.590819417810796,0.5861654464144098,0.5843131809225023,0.5795633919547202,0.4157721660358624,20-04-2017,0.5795633919547202
0.5816428452255477,0.5806548659235287,0.584702385720821,0.5858095936931476,0.30273762004232907,21-04-2017,0.5858095936931476
0.5963334696902531,0.5889708208230464,0.5961735151282436,0.5907216474631091,0.34228868068912716,24-04-2017,0.5907216474631091
0.5938511187130765,0.5958440636692549,0.5958457589754126,0.6023650879320801,0.4563297553308098,25-04-2017,0.6023650879320801
0.6027428010629323,0.5968860423015722,0.6022778433997472,0.5950475298160501,0.3155053670037847,26-04-2017,0.5950475298160501
0.6013592109773314,0.5940606093799488,0.5992052062828856,0.591934515868203,0.23095696055924375,27-04-2017,0.591934515868203
0.5975746156755136,0.5974871724907715,0.6002294186551729,0.6029310834849404,0.3024411766733537,28-04-2017,0.6029310834849404
0.6078499491523375,0.6224350973047481,0.6141791870688745,0.6206387446937539,0.6005460073214617,01-05-2017,0.6206387446937539
0.6264065146798203,0.623256682775142,0.6177639303718796,0.6126743784111583,0.3629225179761879,02-05-2017,0.6126743784111583
0.6135268126017365,0.6109730878798679,0.6052480838604769,0.5967656943602185,0.4836094393083905,03-05-2017,0.5967656943602185
0.592711683923665,0.5834001269124759,0.5649145965429586,0.5653122922983628,0.9674739577947368,04-05-2017,0.5653122922983628
0.5735039962338617,0.5849631259205874,0.5772870369348433,0.5913685182939156,0.5555762376510653,05-05-2017,0.5913685182939156
0.5997517720237753,0.5954633286458264,0.595763867050974,0.5890236547402466,0.47486091290769555,08-05-2017,0.5890236547402466
0.5966590317887694,0.6118948396728066,0.6024826981647531,0.6174651505963211,0.6589315629459574,09-05-2017,0.6174651505963211
0.6214418127254674,0.6189283642650965,0.6209594668281415,0.6254699838285832,0.38765830420604874,10-05-2017,0.6254699838285832
0.625185675122794,0.6199302879907113,0.6239911579827837,0.6211845684253084,0.31955905772372833,11-05-2017,0.6211845684253084
0.6294179111885788,0.6219341354419408,0.6279446034008388,0.6246411926420055,0.27597498845249646,12-05-2017,0.6246411926420055
0.6149714420200628,0.6083079968197497,0.6095087806996697,0.6065898625429554,0.5172936788622088,15-05-2017,0.6065898625429554
0.6133640010317946,0.6080274301227133,0.6148552020578048,0.6088740853042249,0.2781052442900178,16-05-2017,0.6088740853042249
0.6068529604979787,0.5971465524894692,0.5951083567937371,0.5868404790782293,0.45455109511695685,17-05-2017,0.5868404790782293
0.5918164064651551,0.5957638917365786,0.5947191519954184,0.6008894238932687,0.3816053442534796,18-05-2017,0.6008894238932687
0.6091114605724878,0.6008937372040313,0.6047359776743333,0.5963816191631294,0.3149952086478732,19-05-2017,0.5963816191631294
0.6036177130865527,0.5966255321136752,0.5977712843805867,0.5954113725490198,0.2902869985453588,22-05-2017,0.5954113725490198
0.5988564925305532,0.5893315594527591,0.590970561342369,0.5822922680412371,0.289542443107002,23-05-2017,0.5822922680412371
0.590819417810796,0.5898725762222691,0.5949035020287311,0.5951485769153024,0.33882787670713427,24-05-2017,0.5951485769153024
0.5999959273199648,0.6018355475099565,0.5998402138568542,0.6085101819284416,0.337497328562663,25-05-2017,0.6085101819284416
0.6127332463390757,0.6189083057521096,0.6172518241857361,0.6253082979583587,0.5297167242318325,26-05-2017,0.6253082979583587
0.6304759391756632,0.6405298377855028,0.6366094626030606,0.645441693955933,0.528386176087361,30-05-2017,0.645441693955933
0.65426172942329,0.6537753014996889,0.6558646429115109,0.6573883363654742,0.678710540285275,31-05-2017,0.6573883363654742
0.66710075963825,0.657762937889161,0.6602277978595779,0.656094592682434,0.5163285144050793,01-06-2017,0.656094592682434
0.6584939044477074,0.6537552429867021,0.6574419074321609,0.6550434728118053,0.37722074000537703,02-06-2017,0.6550434728118053
0.6559098422746819,0.6648966288039957,0.6539186127746436,0.6701435354760461,0.45954926819852043,05-06-2017,0.6701435354760461
0.668525082628342,0.6870391190939119,0.6657175597876392,0.6813220254699819,0.7561580939380778,06-06-2017,0.6813220254699819
0.6922091006387521,0.6890630250581283,0.6967921918407783,0.6950677056802103,0.639731684280918,07-06-2017,0.6950677056802103
0.7072863265346994,0.7119068739790595,0.7071981608652697,0.7159894885789369,0.6165332671506276,08-06-2017,0.7159894885789369
0.6955663636395489,0.6970784148630461,0.6875332710268075,0.6937740246614111,0.7169241587557651,12-06-2017,0.6937740246614111
0.7151606527605942,0.7201226605521852,0.7202875622083037,0.7280170042449972,0.8058709575120818,13-06-2017,0.7280170042449972
0.7425682287748088,0.7366544020248283,0.7401573088601964,0.7375379098443503,0.8755351492213189,14-06-2017,0.7375379098443503
0.7250900587040123,0.7190405648938942,0.7200417614810785,0.7267839013543562,0.7106368017207502,15-06-2017,0.7267839013543562
0.7362403042044567,0.7241504139676309,0.7274366075837877,0.718819474428947,0.45586785519775497,16-06-2017,0.718819474428947
0.7301768393238159,0.7215253778142153,0.7227251937996213,0.7155851788963008,0.443341399350582,19-06-2017,0.7155851788963008
0.733574835229104,0.7258937512309632,0.726678700670419,0.7205174651303822,0.5046569185056494,20-06-2017,0.7205174651303822
0.7288542885709405,0.7221064494904278,0.7231758492918524,0.7289266100667072,0.33123754765499475,21-06-2017,0.7289266100667072
0.7362606085979787,0.7381572876132504,0.7345446434958853,0.7414796543359613,0.5109373815088275,22-06-2017,0.7414796543359613
0.7453354699873781,0.7421449240027226,0.7463845364711004,0.7431777077016375,0.4362060763996606,23-06-2017,0.7431777077016375
0.7539626295714426,0.7420648141893175,0.7335818818175108,0.7311299575500304,0.4471193287970601,26-06-2017,0.7311299575500304
0.7330254242626325,0.7209241875095922,0.7108853008244064,0.7005659894885791,0.474164615692195,27-06-2017,0.7005659894885791
0.7132480191781236,0.711586250371473,0.7119095131966936,0.71849603800283,0.4263269287777568,28-06-2017,0.71849603800283
0.7212444220347569,0.7101034232960378,0.6946618116705984,0.6972912876490803,0.5585889295636767,29-06-2017,0.6972912876490803
0.7072049197323722,0.7016271265350151,0.7059690937279764,0.6990296846573683,0.39502802423941563,30-06-2017,0.6990296846573683
0.7204915886765872,0.7108047819270528,0.6893358950441566,0.6808570749949466,0.42652685570101917,03-07-2017,0.6808570749949466
0.6050420360766448,0.601895660929646,0.5989594055556604,0.6012128582979585,0.96919057172206,07-07-2017,0.6012128582979585
0.6038211965196183,0.6037792815414965,0.5902536003912195,0.6069334707903781,0.9446478183836253,10-07-2017,0.6069334707903781
0.6101288166964485,0.6224952107244375,0.6131344699648942,0.6295128380836873,0.7887392883980336,11-07-2017,0.6295128380836873
0.6394286608582442,0.6341576169175253,0.6340284269406494,0.6341620962199314,0.7050940001240927,12-07-2017,0.6341620962199314
0.6388385759939369,0.6311518457406811,0.6247490648961525,0.6218112067919953,0.5843381384735233,13-07-2017,0.6218112067919953
0.6247584018284283,0.6247796248727033,0.6273095958268704,0.6306448332322621,0.37963365114820063,14-07-2017,0.6306448332322621
0.6295399898540296,0.6221345322101484,0.6113933580942,0.6140489326864768,0.6727472027465822,17-07-2017,0.6140489326864768
0.6131808850683307,0.6262023405322967,0.6159203603923112,0.6315746715180918,0.4312354794454439,18-07-2017,0.6315746715180918
0.6350133698703629,0.631252014067073,0.6314064453160191,0.6255508591065293,0.4300841761287251,19-07-2017,0.6255508591065293
0.6323071679905191,0.6283865262387471,0.633413924098374,0.6349707155852032,0.3479900450180277,20-07-2017,0.6349707155852032
0.6375160252410614,0.6304705456226529,0.636691354527499,0.6318981079442088,0.3297484367782808,21-07-2017,0.6318981079442088
0.6391030987597278,0.6547972216190194,0.6453152677675016,0.660440648878108,0.5872749960359317,24-07-2017,0.660440648878108
0.6691354718861714,0.6592057100578937,0.6537957134352433,0.6545381160299172,0.47366824539995706,25-07-2017,0.6545381160299172
0.6596943765351321,0.6590053132896861,0.6619279617196282,0.6631291813220135,0.3241780590542764,26-07-2017,0.6631291813220135
0.671170184134093,0.663013008192145,0.6376951256692602,0.6441479502728928,0.5642006714787007,27-07-2017,0.6441479502728928
0.6526339860762119,0.6471826253505168,0.6504363296289374,0.6453810531635336,0.3282869020289132,28-07-2017,0.6453810531635336
0.6498057055309174,0.6509698649717812,0.6269408957602449,0.6219324863553671,0.5802430835625598,31-07-2017,0.6219324863553671
0.6243718024318988,0.6168243484874749,0.6168831220706859,0.6140489326864768,0.5642489297015573,01-08-2017,0.6140489326864768
0.616110874774762,0.622174587116851,0.6068253483811269,0.6268243683040228,0.8943627501671801,02-08-2017,0.6268243683040228
0.6698069004767264,0.6680226268202186,0.6722315361364124,0.6696785850010109,0.9249377813626743,03-08-2017,0.6696785850010109
0.6732048963820144,0.682590575748335,0.67253878755755,0.689529015564989,0.6308314891798169,04-08-2017,0.689529015564989
0.6942641803562752,0.6870191227001962,0.6918964259748744,0.6860117505558926,0.42784361578181745,07-08-2017,0.6860117505558926
0.6946304143179153,0.7052540864140456,0.7014215887465967,0.7063270689306653,0.5054221560395162,08-08-2017,0.7063270689306653
0.7016908678529152,0.7080995758448082,0.7045966839723323,0.7029108530422479,0.46697414048658065,09-08-2017,0.7029108530422479
0.7029117074099416,0.7013866748601048,0.6958089254307105,0.6864766403881141,0.48081735641455176,10-08-2017,0.6864766403881141
0.6934909795285039,0.6905859691595372,0.6936785452605305,0.6914695674145949,0.29281021419756903,11-08-2017,0.6914695674145949
0.7090768834864315,0.7034105808243212,0.7120734219994802,0.7034566161309885,0.3033856590349733,14-08-2017,0.7034566161309885
0.7102366837107325,0.6990622038012888,0.705456987541833,0.70048511623206,0.2045183484657329,15-08-2017,0.70048511623206
0.7057602923487581,0.7010861097655051,0.7119095131966936,0.7016575783303014,0.2271790311127655,16-08-2017,0.7016575783303014
0.7021181391125685,0.6946737738754013,0.6895202450774693,0.6794421123913483,0.33844181092428255,17-08-2017,0.6794421123913483
0.6852300539060794,0.6760380166251366,0.6776598494189858,0.6704265029310695,0.3646736020626941,18-08-2017,0.6704265029310695
0.6708039501724528,0.6596465585010116,0.6490843611038193,0.651020790378007,0.43962551619063356,21-08-2017,0.651020790378007
0.6612611456602765,0.6524727505602035,0.6603916431611975,0.6580756135031333,0.28979062825312096,22-08-2017,0.6580756135031333
0.6569068309290408,0.675016034386535,0.6622966638346783,0.6811602769355166,0.333395379619863,23-08-2017,0.6811602769355166
0.6844364856087063,0.681368258860797,0.6857306470094583,0.6814837133616335,0.3079012498879718,24-08-2017,0.6814837133616335
0.6879361927098434,0.6794245228254093,0.6807324865358474,0.6716191388720437,0.23201864146208595,25-08-2017,0.6716191388720437
0.6737746137767201,0.6627124430975453,0.6652054536014956,0.6667879603800285,0.2513219306046752,28-08-2017,0.6667879603800285
0.6579038826594796,0.6661189476953813,0.6632184795508338,0.6702243480897514,0.27267274720274626,29-08-2017,0.6702243480897514
0.6786376045352239,0.6749759794798325,0.680117983693572,0.6819890701435215,0.2271169848262355,30-08-2017,0.6819890701435215
0.6865322371893531,0.6849351033162905,0.6920398300459679,0.6874873539518901,0.27261070091621664,31-08-2017,0.6874873539518901
0.6917614619094972,0.6832318209596606,0.6938219493316238,0.6864766403881141,0.20206407313188934,01-09-2017,0.6864766403881141
0.6870409152513335,0.679023729288994,0.6778442629534657,0.674732152819891,0.25622358724052546,05-09-2017,0.674732152819891
0.6782916770018181,0.6699864193647456,0.6689745489862381,0.6645037376187589,0.2738929908378316,06-09-2017,0.6645037376187589
0.6711295122709693,0.6729921905415898,0.67284610043143,0.6767939862542957,0.28408236989238406,07-09-2017,0.6767939862542957
0.6772539534082557,0.6675817783771008,0.6704903628129757,0.6622195148574895,0.216817301262297,08-09-2017,0.6622195148574895
0.6820559068687464,0.6954953573419478,0.686263257927295,0.7032342874469377,0.5204028872205332,11-09-2017,0.7032342874469377
0.7087919932510386,0.7056148250437583,0.7075668629803197,0.7013341419041844,0.40360419984419477,12-09-2017,0.7013341419041844
0.7074287706350395,0.7042321642908675,0.705907643034064,0.708368730543764,0.2803595927005989,13-09-2017,0.708368730543764
0.7084664331872346,0.7240501835219678,0.7121348726933926,0.7314332221548414,0.48837321530750805,14-09-2017,0.7314332221548414
0.729179850669457,0.728138050357103,0.7327625242102295,0.7358196846573682,0.36552156797860075,15-09-2017,0.7358196846573682
0.7408590786254038,0.7473949943057066,0.7429636405181396,0.7463108954922176,0.48737358069119535,18-09-2017,0.7463108954922176
0.7403504005634234,0.7329272758232532,0.7345446434958853,0.7262987790580151,0.43662661234169553,19-09-2017,0.7262987790580151
0.726107414827973,0.7246313173174515,0.7294235816344495,0.723893276733374,0.3309548923496927,20-09-2017,0.723893276733374
0.7299733558907503,0.7217858278866889,0.7159859214553163,0.708874087325652,0.3102107505532458,21-09-2017,0.708874087325652
0.7128614177468816,0.7078991790766006,0.6880658819446441,0.677764293511219,0.5543422059523071,22-09-2017,0.677764293511219
0.685718364498458,0.6829913692847503,0.6716784839880494,0.6654335759045886,0.51618373973651,25-09-2017,0.6654335759045886
0.6812013012733602,0.6705073776212687,0.6676225804611201,0.6659591671720235,0.4851881725989809,26-09-2017,0.6659591671720235
0.6791055496927132,0.671008339484076,0.6668032228538389,0.657307461087528,0.40962958366941704,27-09-2017,0.657307461087528
0.6587177553503747,0.653494732798805,0.6563562443659613,0.6545381160299172,0.3585654898554318,28-09-2017,0.6545381160299172
0.6627464449070143,0.6573621443527459,0.662911228129696,0.6575702567212452,0.34391567220257385,29-09-2017,0.6575702567212452
0.6640893631294914,0.6553984119236425,0.6565816038626604,0.6584394562361027,0.3563042474130142,02-10-2017,0.6584394562361027
0.6506195782218125,0.6651170239697665,0.6479167446604387,0.671801121892056,0.6918229888385625,03-10-2017,0.671801121892056
0.6818524234356808,0.6852957818305796,0.6854439003200138,0.685688316151203,0.5546248612576091,04-10-2017,0.685688316151203
0.6915173066133078,0.682931255865061,0.689028643623019,0.6863351263391956,0.2794288984026526,05-10-2017,0.6863351263391956
0.685616653302609,0.6882614981007212,0.6908722136025873,0.6894683747725896,0.2881015904531445,06-10-2017,0.6894683747725896
0.6785968716307329,0.6715293598598704,0.6712483311790868,0.6612896745502326,0.5084486360158011,09-10-2017,0.6612896745502326
0.6727979295158831,0.6793042979898779,0.677106797270623,0.6868607155852032,0.4729305839934367,10-10-2017,0.6868607155852032
0.6872240942908772,0.6832518794726474,0.688618934093007,0.684859522943198,0.30211715717703164,11-10-2017,0.684859522943198
0.6853114586736944,0.6876202528893955,0.6916711299793425,0.6870426379624016,0.2735896534370193,12-10-2017,0.6870426379624016
0.6935113469981056,0.6850352716426824,0.6938014466483554,0.6868203092783506,0.2359137694497872,13-10-2017,0.6868203092783506
0.6869595715250861,0.6769998854440488,0.6804457398464029,0.6767738144329898,0.36241925365211325,16-10-2017,0.6767738144329898
0.6811606294102365,0.6804865599707136,0.6864066619983885,0.6871841520113201,0.2188717227496153,17-10-2017,0.6871841520113201
0.6914562672805824,0.6940726436862019,0.6947232623645108,0.6950677056802103,0.3323336987170205,18-10-2017,0.6950677056802103
0.6906220291547979,0.6823501240734248,0.6825761179681582,0.6792197250859108,0.34079267578057654,19-10-2017,0.6792197250859108
0.6847824131421122,0.6771401086771434,0.6746691656793052,0.6656559652314535,0.3317339179472329,20-10-2017,0.6656559652314535
0.6790648778295895,0.6679224584938267,0.658097417689398,0.6493227996765718,0.3880512640207371,23-10-2017,0.6493227996765718
0.6565202315325113,0.653594901125197,0.6579130676560853,0.6499696705073783,0.30148980027989747,24-10-2017,0.6499696705073783
0.6522473846449701,0.6429745336798502,0.6321029035839001,0.6267232585405298,0.5843105623461766,25-10-2017,0.6267232585405298
0.6340977249422513,0.6284065847517338,0.6313654993537997,0.6273903638568831,0.33815226158714384,26-10-2017,0.6273903638568831
0.617758987626154,0.6171048550690879,0.6179687851368856,0.6166767636951689,0.4730133123754765,27-10-2017,0.6166767636951689
0.6165991874018532,0.6154817446451343,0.6191773475424854,0.6150798200929858,0.28513026273155306,30-10-2017,0.6150798200929858
0.6187356718869911,0.6318532043716961,0.6251792177051151,0.6382251849605822,0.3828807401432578,31-10-2017,0.6382251849605822
0.6431928907251725,0.6331756895856263,0.6253431265079017,0.6171012472205378,0.5748795267936546,01-11-2017,0.6171012472205378
0.5765560646057439,0.580354300828929,0.5738662024346247,0.5868000727713767,0.6049857638242573,03-11-2017,0.5868000727713767
0.5918164064651551,0.5828591101429659,0.581814100685697,0.5801091550434607,0.4389774771979895,06-11-2017,0.5801091550434607
0.57964880484075,0.5808552626917365,0.5839034713924905,0.5867191995148575,0.3568212998007623,07-11-2017,0.5867191995148575
0.5887643380932728,0.5816367932554277,0.5865049482854279,0.5833636850616537,0.3175942586502861,08-11-2017,0.5833636850616537
0.5826602013495085,0.5767673958566012,0.5762628245625562,0.5805336365474025,0.3673553804471467,09-11-2017,0.5805336365474025
0.5826602013495085,0.5845823888933115,0.5876316187665891,0.5805336365474025,0.31070712084548385,10-11-2017,0.5805336365474025
0.5778379434954957,0.6014948673932307,0.5820188919495358,0.6056195552860321,0.514735993050816,13-11-2017,0.6056195552860321
0.608094104448527,0.6005931721094315,0.5979761391455926,0.5920760299171217,0.3831427133530499,14-11-2017,0.5920760299171217
0.5898020616868354,0.5928582888861265,0.5869146578154396,0.5973316919345059,0.40400405369071973,15-11-2017,0.5973316919345059
0.6060390247310038,0.6041800770817592,0.6069891957311712,0.5997574287446938,0.393207999834543,16-11-2017,0.5997574287446938
0.6298045105851083,0.6212728918330518,0.6107787937991822,0.604912043662826,0.9387327390677891,17-11-2017,0.604912043662826
0.6056321209409521,0.5988898897528017,0.5935720382353062,0.5921568425308268,0.5604296360640593,20-11-2017,0.5921568425308268
0.5996703652214483,0.6043604153369802,0.6016837817879979,0.610491202749141,0.49242690602745176,21-11-2017,0.610491202749141
0.6116955227455132,0.6027373029091792,0.6080953614806393,0.5999595835860118,0.33085148187214297,22-11-2017,0.5999595835860118
0.6056321209409521,0.6007133989488104,0.6063746928888959,0.605922757226602,0.21547985908598882,24-11-2017,0.605922757226602
0.6045333580146643,0.6025769610476741,0.6033225605037276,0.6084697756215889,0.3059157687190197,27-11-2017,0.6084697756215889
0.6108612825850165,0.6079072032833344,0.6123561197725745,0.6099656114817061,0.3330506780280309,28-11-2017,0.6099656114817061
0.6127739182021994,0.6038995083808754,0.5863616056670766,0.5897311683848798,0.5962579195190724,29-11-2017,0.5897311683848798
0.5949905535024881,0.5892714460330696,0.5931418874747683,0.5923792318576916,0.2918312616767662,30-11-2017,0.5923792318576916
0.5886422594278221,0.588509973982365,0.5941865410775816,0.5876895067717809,0.2877844649886591,01-12-2017,0.5876895067717809
0.5907990503411944,0.5844020506380906,0.5850915290663973,0.5850010349706894,0.39410422397330613,04-12-2017,0.5850010349706894
0.5816428452255477,0.5838610338685807,0.5858904454431524,0.5819688942793614,0.3121617615630148,05-12-2017,0.5819688942793614
0.5777769041627703,0.5946618016884192,0.583842020698578,0.6012937335759048,0.48787684501527007,06-12-2017,0.6012937335759048
0.6019899677047624,0.6051619422943871,0.6064770895450275,0.597210410349707,0.32140665825594744,07-12-2017,0.597210410349707
0.6072802317576319,0.6018556060229433,0.6069073038067326,0.6050737921972914,0.23095006652740682,08-12-2017,0.6050737921972914
0.6073412710903573,0.6259618888573865,0.6120078609364753,0.6329290559935316,0.5390788194659881,11-12-2017,0.6329290559935316
0.6395304330954609,0.6508696966453892,0.6453562137297207,0.6574287426723268,0.5939001606309416,12-12-2017,0.6574287426723268
0.6608541787941454,0.6564403905559599,0.6586095238755415,0.6533858884172227,0.4207427629900792,13-12-2017,0.6533858884172227
0.6610169903640872,0.6628927813527662,0.6594288814828227,0.6510814938346473,0.391677524766809,14-12-2017,0.6510814938346473
0.663112741944734,0.6557991453446342,0.657093710048804,0.6623206225995555,0.4698075875714392,15-12-2017,0.6623206225995555
0.6689319884531059,0.6614700676970202,0.6608217959701601,0.6530624519911058,0.3693615437116086,18-12-2017,0.6530624519911058
0.6594909561781461,0.6509698649717812,0.6459092658780836,0.6373559854457248,0.4623482451241956,19-12-2017,0.6373559854457248
0.6440881681836825,0.6341576169175253,0.6351345947385423,0.63307057004245,0.4022874397633967,20-12-2017,0.63307057004245
0.6377805480068524,0.6354400472247529,0.6395796395626232,0.6384879805942997,0.2941476563738768,21-12-2017,0.6384879805942997
0.6376177995129901,0.6297892435007771,0.6346839371978864,0.6254295775217305,0.28246916644261044,22-12-2017,0.6254295775217305
0.6260605871464144,0.6158023662488734,0.617804876334099,0.6094400828785123,0.29367886220898554,26-12-2017,0.6094400828785123
0.6101288166964485,0.6032582631695499,0.6058625867027523,0.598019031736406,0.31668424644784987,27-12-2017,0.598019031736406
0.601481289642782,0.5995311349641272,0.60338401119764,0.6055386800080858,0.2893976684384326,28-12-2017,0.6055386800080858
0.6104950506580886,0.6007133989488104,0.6043262681443216,0.5974327996765718,0.2522319428071116,29-12-2017,0.5974327996765718
0.6019899677047624,0.6121352913477167,0.6063746928888959,0.6159894865575096,0.291872625867786,02-01-2018,0.6159894865575096
0.6203023779360558,0.6184274024022891,0.6156950008956121,0.609359207600566,0.30354422176721585,03-01-2018,0.609359207600566
0.603760157186893,0.6050016004328822,0.5954770589087872,0.6040428441479686,0.6775316608412096,04-01-2018,0.6040428441479686
0.6113903281165985,0.6023765642794665,0.6084231176334702,0.6080048251465536,0.30834936195735335,05-01-2018,0.6080048251465536
0.6101288166964485,0.6420126648609381,0.6155926042394804,0.648089759450172,0.6715407471751702,08-01-2018,0.648089759450172
0.649113911505473,0.6455795113202791,0.6399688464093665,0.642591473620376,0.484519451510827,09-01-2018,0.642591473620376
0.6430911795293235,0.6419726099542356,0.6452947630358082,0.644835229431979,0.28895645040088774,10-01-2018,0.644835229431979
0.6492766599993353,0.6576226545406428,0.6519726481873681,0.6512027733980191,0.4499734579774286,11-01-2018,0.6512027733980191
0.6561743650404729,0.6488057377783178,0.6528125084779177,0.6477056822316557,0.324474502423252,12-01-2018,0.6477056822316557
0.6539565368290874,0.6580033895640712,0.6551271772286682,0.6554679563371743,0.43817087547310285,16-01-2018,0.6554679563371743
0.6599182274377994,0.6660187793689892,0.6652669042954081,0.6698201010713566,0.4815481237892355,17-01-2018,0.6698201010713566
0.6704987555435381,0.6726314519118771,0.6734400985420121,0.664584610875278,0.3838114344412042,18-01-2018,0.664584610875278
0.6691354718861714,0.6692048888010543,0.6711049271079935,0.6756013523347485,0.328831530544008,19-01-2018,0.6756013523347485
0.6780881935687525,0.6837127263133287,0.6846245427127325,0.6787143683040228,0.4199775254562122,22-01-2018,0.6787143683040228
0.6996561556049937,0.6890630250581283,0.6883116826718694,0.6812007459066102,0.3686169882732515,23-01-2018,0.6812007459066102
0.6886279887700001,0.6775409022135587,0.6729894430497813,0.6672529108550639,0.3563525056358709,24-01-2018,0.6672529108550639
0.6757889585550401,0.6664195729054045,0.6584046691105356,0.6505761370527593,0.45650900015856244,25-01-2018,0.6505761370527593
0.6620139790184463,0.6559995421128418,0.656991249891505,0.6611077541944614,0.30477825346597426,26-01-2018,0.6611077541944614
0.6586567160176493,0.6697259091768485,0.6622557178724591,0.6746108732565191,0.3190971575906733,29-01-2018,0.6746108732565191
0.6694203621215643,0.6645559486872697,0.6702241188067997,0.6671113947847181,0.31707031223070176,30-01-2018,0.6671113947847181
0.6742426199755769,0.680426446551024,0.676410339002742,0.6842732929047909,0.42023260463416806,31-01-2018,0.6842732929047909
0.6813437453737003,0.6873798012144853,0.683456926269352,0.6740448756822317,0.28122134668017873,01-02-2018,0.6740448756822317
0.6761348860884459,0.6719301533962857,0.6668237275855321,0.6629270264806955,0.24724066375738504,02-02-2018,0.6629270264806955
0.6548314468179958,0.6569413524187673,0.6514400372695313,0.6414594804932283,0.2995870474929851,05-02-2018,0.6414594804932283
0.628868498187395,0.640409610946124,0.6319800021960751,0.6431574711946636,0.3426264882491224,06-02-2018,0.6431574711946636
0.6569068309290408,0.6600072370153008,0.656888855283798,0.6654538103901355,0.4722894390326293,07-02-2018,0.6654538103901355
0.6656968041177597,0.6652573073182848,0.613749034259912,0.6052759470386093,0.7029223800955512,08-02-2018,0.6052759470386093
0.6181252215877941,0.6098709958278612,0.5731082955212561,0.5955528865979381,0.8834839679289639,09-02-2018,0.5955528865979381
0.6103933394622394,0.604059790126957,0.5966446753521678,0.6062866606023853,0.42117708699578754,12-02-2018,0.6062866606023853
0.6081347763116507,0.6163033281116808,0.6094678347374506,0.6223165635738833,0.3062122120879951,13-02-2018,0.6223165635738833
0.6199768158375394,0.6202709681074371,0.6217788244354228,0.6195876248231252,0.26419308804368036,14-02-2018,0.6195876248231252
0.627423870803781,0.6362015192754573,0.6297267226864948,0.6433596260359814,0.3994677807422113,15-02-2018,0.6433596260359814
0.6437015687871529,0.6542361463365227,0.6486542103432814,0.6462300181928442,0.380833212687776,16-02-2018,0.6462300181928442
0.6477099539502705,0.6496673761515669,0.6483674001526697,0.6447745886395797,0.2682398847317874,20-02-2018,0.6447745886395797
0.6508841009876034,0.6473629636057376,0.6517882961056306,0.641803088740651,0.21379082128601234,21-02-2018,0.641803088740651
0.6498667448636428,0.6628927813527662,0.6550247805725363,0.6678189064079241,0.47233080322364895,22-02-2018,0.6678189064079241
0.6748936810965301,0.6780218055633792,0.680322838458578,0.6797048473822519,0.39288398033822103,23-02-2018,0.6797048473822519
0.6864305259935041,0.686057253881284,0.6910975095981193,0.6905599615928847,0.2910315539837159,26-02-2018,0.6905599615928847
0.6920259846752882,0.6880410428195266,0.6862837626589883,0.677562138669901,0.322564855604503,27-02-2018,0.677562138669901
0.6845382578459227,0.6785227674261866,0.6703265154629314,0.6615322377198303,0.4102776226620612,28-02-2018,0.6615322377198303
0.6691558393557732,0.6653575357601003,0.6454381671069016,0.6370123165554883,0.4665260284171991,01-03-2018,0.6370123165554883
0.632469979560461,0.6384057634948945,0.6308943391298755,0.6454821002627856,0.3429298256499347,02-03-2018,0.6454821002627856
0.6434777809605653,0.6434754955426576,0.6438403999029833,0.6419041964827169,0.25544456164298535,05-03-2018,0.6419041964827169
0.6462449590970547,0.6407101760407238,0.6392109394959977,0.6314938589043867,0.2872880946964211,06-03-2018,0.6314938589043867
0.6293365043862517,0.6329552964237029,0.6283747541613768,0.6397816616130989,0.3370354284296082,07-03-2018,0.6397816616130989
0.6444340346757209,0.6345583503385169,0.6376541162058738,0.6333131311906207,0.23768553563180325,08-03-2018,0.6333131311906207
0.6266099981128859,0.6249198481057981,0.6296652719925824,0.6294117909844351,0.37147111745362016,09-03-2018,0.6294117909844351
0.6357865076220546,0.6624318743966614,0.6381252764297981,0.6664847584394584,0.5615533632534314,12-03-2018,0.6664847584394584
0.6357865076220546,0.6624318743966614,0.6381252764297981,0.6590660925813625,0.4031147235837933,13-03-2018,0.6590660925813625
0.652369463310421,0.6476034172844954,0.6328608104972689,0.62832020416414,0.5411056648259601,14-03-2018,0.62832020416414
0.6373532767471991,0.6336566550547178,0.6270637950996452,0.6262381362441886,0.44440997428526097,15-03-2018,0.6262381362441886
0.6242293583315587,0.6227356623993477,0.622905494916584,0.6176470709520923,0.41355918181630147,16-03-2018,0.6176470709520923
0.6111461728204092,0.6094100888717565,0.6036503146081336,0.6019001374570448,0.5078005970231568,19-03-2018,0.6019001374570448
0.607829581682736,0.6003927753412238,0.6017862419452968,0.5958156215888417,0.3202829310665755,20-03-2018,0.5958156215888417
0.5984292212708999,0.6127965950720292,0.60471547294264,0.6079037780473014,0.40260456522788196,21-03-2018,0.6079037780473014
0.6058356043740178,0.6055426773178157,0.600598120770223,0.5928845886395796,0.3323819569398768,22-03-2018,0.5928845886395796
0.6004639335188214,0.5903735380850764,0.5847638364147335,0.5776026056195676,0.45062149697007287,23-03-2018,0.5776026056195676
0.5925082004905994,0.5830394483981867,0.5661436001790847,0.5829391408934709,0.569219526655774,26-03-2018,0.5829391408934709
0.5857122697213906,0.5763866608331728,0.5370969536884185,0.5324034627046696,0.9481706686521478,27-03-2018,0.5324034627046696
0.5796081329776261,0.5864259566023069,0.5746241093479936,0.5730745664038812,0.9239243586826882,06-04-2018,0.5730745664038812
0.5783262540878744,0.5868668050454248,0.5617394992687983,0.5535880412371135,0.6984550474654091,09-04-2018,0.5535880412371135
0.575477669149058,0.5820575831855588,0.5708959619738951,0.5839903214069133,0.7494708830565379,10-04-2018,0.5839903214069133
0.5790790874460441,0.5858248264131075,0.5831455644791219,0.5763695027289268,0.5077040805774439,11-04-2018,0.5763695027289268
0.5822939673878682,0.5757454757372706,0.5708959619738951,0.5625227147766324,0.5163836666597726,12-04-2018,0.5625227147766324
0.5848983970304955,0.5757454757372706,0.5756073757580614,0.5751768667879523,0.496970073007797,13-04-2018,0.5751768667879523
0.5755387084817831,0.5671489541407166,0.5613298532399535,0.5567212270062666,0.42880878023894675,16-04-2018,0.5567212270062666
0.5549270632367774,0.5521401547656348,0.5480150924002204,0.5496058257529817,0.474412800838314,17-04-2018,0.5496058257529817
0.5594237610269859,0.5683111576085653,0.559588679916517,0.5610471113806348,0.4439204980248596,18-04-2018,0.5610471113806348
0.5594237610269859,0.5698541602229612,0.560387532792105,0.5746512775419448,0.41171847531591865,19-04-2018,0.5746512775419448
0.5677457870235031,0.5677901993520421,0.5628456670666911,0.554760440671114,0.37981979000779004,20-04-2018,0.554760440671114
0.5598510953627188,0.5510380025982046,0.5476463288324278,0.540873246411967,0.3291831261676764,23-04-2018,0.540873246411967
0.5470527370108824,0.5419605756479824,0.5397189332646242,0.5410551667677381,0.3837769642820208,24-04-2018,0.5410551667677381
0.5440006686390003,0.5380931660978892,0.537240357759512,0.5354558358601174,0.2685294340689262,25-04-2018,0.5354558358601174
0.5343357854613732,0.5393556000114009,0.5357040392010812,0.5451384899939358,0.29213459907757827,26-04-2018,0.5451384899939358
0.5478055703690522,0.5567489798572933,0.5507189659492894,0.5625227147766324,0.2927274858155292,27-04-2018,0.5625227147766324
0.5645715789448027,0.5652853900380054,0.5684788351142706,0.5621588720436629,0.2833240263903536,30-04-2018,0.5621588720436629
0.5643681585878169,0.5694734231956851,0.5699537029787889,0.5743279017586417,0.310720908909157,01-05-2018,0.5743279017586417
0.5746637964581627,0.5815566213227514,0.5792945157171984,0.5768142187184153,0.6102528041474494,02-05-2018,0.5768142187184153
0.5429833125150395,0.5615381432041724,0.5418902593970235,0.562542947240752,0.582607736482527,04-05-2018,0.562542947240752
0.572486640109901,0.5797731670334455,0.5739481558118057,0.580088920557914,0.5901084431207902,07-05-2018,0.580088920557914
0.579201166111495,0.5833600720057732,0.5817935959540037,0.5784718031129978,0.4006466601862767,08-05-2018,0.5784718031129978
0.5784076608902015,0.581877244930338,0.5839444173547099,0.5883363776025875,0.38667935168524586,09-05-2018,0.5883363776025875
0.5928337625891158,0.5938602126117412,0.5922610156724075,0.584637131594906,0.3814536755530735,10-05-2018,0.584637131594906
0.5932407294552471,0.5856244296448998,0.5819574433040481,0.5766322983626442,0.3144436861009422,11-05-2018,0.5766322983626442
0.5843286796357897,0.5777292646755133,0.5666762110969215,0.5582575318374774,0.49418488414579476,14-05-2018,0.5582575318374774
0.5470731044804842,0.5417000654600853,0.5438977381793786,0.5425105983424299,0.6480872508669244,15-05-2018,0.5425105983424299
0.5446720972295551,0.545407197271792,0.5460690643117778,0.5471599171214878,0.38299793868448057,16-05-2018,0.5471599171214878
0.5488839658257383,0.546168667318649,0.5510057740914763,0.5432383444511826,0.29658814364404695,17-05-2018,0.5432383444511826
0.5463405755158364,0.5370711838592876,0.5305829773396453,0.5276329229836264,0.49177886703480767,18-05-2018,0.5276329229836264
0.5395853166097514,0.5507774924103074,0.545536453393941,0.5431372346876896,0.6248819397047974,21-05-2018,0.5431372346876896
0.5526685631622682,0.5437840848439911,0.5293949176173138,0.5239741459470387,0.6085568723156362,22-05-2018,0.5239741459470387
0.5323214406830534,0.5275729669789344,0.5305829773396453,0.5321811340206186,0.4044452717282646,23-05-2018,0.5321811340206186
0.5336236239663271,0.5299775458473082,0.5324061060886877,0.529714990903578,0.27977359999448437,24-05-2018,0.529714990903578
0.5320569179172624,0.5270319502094244,0.5338809104520388,0.5317364180311301,0.25898119997518115,25-05-2018,0.5317364180311301
0.5338474748689945,0.5407783136671469,0.5349870782499316,0.5416616333131192,0.3824877803285694,29-05-2018,0.5416616333131192
0.5435733973793468,0.5578310755155843,0.5461510176889588,0.5577521750555894,0.5081728747423353,30-05-2018,0.5577521750555894
0.5515494327663787,0.5485331932841676,0.5488753959697209,0.5436224196482717,0.39993657490710266,31-05-2018,0.5436224196482717
0.5488025590234111,0.551699306322517,0.5507394686325577,0.5579543298969072,0.3657904352202296,01-06-2018,0.5579543298969072
0.5660569412676201,0.5658264068075153,0.5706296565149767,0.5678997170002023,0.3225924317318495,04-06-2018,0.5678997170002023
0.5728936069760323,0.5634217658198705,0.5566798881012749,0.5565595411360421,0.4051415689437651,05-06-2018,0.5565595411360421
0.6104340113253631,0.6279456777956292,0.611659602100376,0.6070143440468971,0.9808001213349602,07-06-2018,0.6070143440468971
0.6162329534402129,0.6168844619071644,0.6189724927774796,0.6101880008085709,0.5574996725334879,08-06-2018,0.6101880008085709
0.6233748137775398,0.6372836149337483,0.6299315774515007,0.639377412573277,0.9007052594568881,11-06-2018,0.639377412573277
0.6726148115177071,0.6624118780029457,0.6653693009515399,0.6650090944006469,0.6446815991396248,13-06-2018,0.6650090944006469
0.6744867752717661,0.6855562920184767,0.6792986260862908,0.6911663654740249,0.7488642082549137,14-06-2018,0.6911663654740249
0.6871223200189484,0.6974190949797721,0.688823788858013,0.6920760319385486,0.7397158280076938,15-06-2018,0.6920760319385486
0.6902964670562814,0.7155739488802162,0.6954811692778796,0.7176672468162524,0.824160823974685,18-06-2018,0.7176672468162524
0.7101552789431176,0.7080995758448082,0.6785816651351413,0.6807155609460279,0.8716400212336182,19-06-2018,0.6807155609460279
0.6956681379114779,0.6968379631881358,0.6903601074164437,0.7002627875480091,0.5698055193618883,20-06-2018,0.7002627875480091
0.7037255801008366,0.7005049759700216,0.6786226110973607,0.6705276126945625,0.5410849827304501,21-06-2018,0.6705276126945625
0.6824425082999882,0.6725312835854851,0.6493916125249569,0.6424701940570042,0.6995787746547812,22-06-2018,0.6424701940570042
0.6388589434635387,0.6449182677113903,0.6401737011743724,0.6412169193450578,0.46967660096654296,25-06-2018,0.6412169193450578
0.6509247728507271,0.6550977867136191,0.636691354527499,0.6593895290074794,0.5056082948991057,26-06-2018,0.6593895290074794
0.6691354718861714,0.6696056843413171,0.6647547981092645,0.6644430968263596,0.5663585034435688,27-06-2018,0.6644430968263596
0.6765825268524132,0.6820896138855277,0.6782948549445297,0.6754194319789772,0.5707913659145277,28-06-2018,0.6754194319789772
0.6860845984600982,0.6757574479242527,0.6707157223096748,0.6613099090357795,0.4394186952355344,29-06-2018,0.6613099090357795
0.6421755346012118,0.632935237910716,0.6036912605703529,0.5964422579341015,0.8385969266406074,03-07-2018,0.5964422579341015
0.5876452707734631,0.5920167070220168,0.5879388701877267,0.5924802789569437,0.6030209647508151,06-07-2018,0.5924802789569437
0.6019696002351607,0.6049414870131928,0.6002294186551729,0.611906225995553,0.5155563828393758,09-07-2018,0.611906225995553
0.6275459494692318,0.6232967376818447,0.6231718003755025,0.619911059227815,0.6447987976808476,10-07-2018,0.619911059227815
0.6097218498303172,0.6117946713464144,0.6147117959382865,0.612815829795836,0.328541981206869,11-07-2018,0.612815829795836
0.6211772899596765,0.6143796525931275,0.6100003821541203,0.6082676187588438,0.38625192171137424,12-07-2018,0.6082676187588438
0.6092742111010623,0.6070655613038012,0.6027899495858908,0.6126339094400648,0.3964964530206199,13-07-2018,0.6126339094400648
0.6013998828404551,0.5982085896347735,0.5966446753521678,0.5949060157671318,0.5308542394848779,16-07-2018,0.5949060157671318
0.5954992315644685,0.6174054201636875,0.60125363102746,0.6203557752173035,0.4741508276285218,17-07-2018,0.6203557752173035
0.6284412269277417,0.6189283642650965,0.6171289227979111,0.6227006387709724,0.3795647108298344,18-07-2018,0.6227006387709724
0.6108002452870033,0.6150008412953137,0.612540471854312,0.6153830826763697,0.39963323750629065,19-07-2018,0.6153830826763697
0.6207703841349125,0.6143996489868433,0.6078290560217209,0.6019405437638975,0.34771428374456204,20-07-2018,0.6019405437638975
0.5813172831270312,0.5788514152405069,0.5692162372959462,0.5809581807155854,0.7496845980434736,23-07-2018,0.5809581807155854
0.5865668753167769,0.5832999585860839,0.5685812317704023,0.5692945077824946,0.6530233776619581,24-07-2018,0.5692945077824946
0.5709402384543582,0.5871072567203351,0.5725756846034192,0.5921568425308268,0.4796109008431398,25-07-2018,0.5921568425308268
0.5874417873403974,0.5892714460330696,0.5912983174951999,0.5879320679199516,0.3110587164691524,26-07-2018,0.5879320679199516
0.5923250845271355,0.5832398451663944,0.5742963531951627,0.5687891510006066,0.38501789001261594,27-07-2018,0.5687891510006066
0.5692310883049531,0.5600152612220346,0.5554303797334557,0.5546189872650092,0.4615967956540023,30-07-2018,0.5546189872650092
0.5618044008083133,0.5644638045676114,0.5614527525793538,0.5707297655144533,0.3418336745879092,31-07-2018,0.5707297655144533
0.57348362876426,0.5738417966124333,0.5695030474865578,0.5761875803517283,0.6901546331340959,01-08-2018,0.5761875803517283
0.6748530092334064,0.678041864076366,0.6709615230368999,0.6718617606630282,0.9333140300441908,03-08-2018,0.6718617606630282
0.6700714212078052,0.6780018091696635,0.6695071578556501,0.6593692945219326,0.5822561408588582,06-08-2018,0.6593692945219326
0.6874478821174648,0.6880611013325134,0.6780695589489977,0.6866585607438853,0.7882291300421226,10-08-2018,0.6866585607438853
0.7019553906187062,0.6944533787096304,0.6842557791449401,0.688518302001213,0.7132151696276533,13-08-2018,0.688518302001213
0.6965023760372624,0.6864580474176993,0.680322838458578,0.67079040832828,0.4734752125085311,14-08-2018,0.67079040832828
0.6628482191789431,0.6569814073254697,0.6496784227155685,0.6526986092581364,0.61927709182161,15-08-2018,0.6526986092581364
0.6587787946831002,0.6525529224928797,0.6531197598990555,0.646149205579139,0.4098846628473729,16-08-2018,0.646149205579139
0.5991616871594679,0.6175056506093506,0.6022778433997472,0.6187588316151205,0.8999262338593478,21-08-2018,0.6187588316151205
0.6200378551702649,0.615682141413342,0.6138924383310053,0.6182333030119266,0.4017497052801387,22-08-2018,0.6182333030119266
0.6165178436756056,0.6225753806532663,0.6209185208659221,0.6151202870426522,0.3466870730009028,23-08-2018,0.6151202870426522
0.6196919886782264,0.6156220279936526,0.6235814484527717,0.6206185708510209,0.2401949632203398,24-08-2018,0.6206185708510209
0.6141982411922915,0.6127965950720292,0.6018886386014285,0.6134424681625229,0.8935216782831104,27-08-2018,0.6134424681625229
0.6150324813527882,0.6056629041571946,0.6067638976872144,0.5984636850616537,0.5191619614899381,28-08-2018,0.5984636850616537
0.5984698931340235,0.5915758585788988,0.5914007121029069,0.5846169597736003,0.505256699275437,29-08-2018,0.5846169597736003
0.5821718907571298,0.5770479645574852,0.5791716143293734,0.5808570729735194,0.4893521678283107,30-08-2018,0.5808570729735194
0.5816428452255477,0.5784706802170785,0.5809742383467225,0.5778451667677382,0.3623916775247668,31-08-2018,0.5778451667677382
0.5713472053204894,0.5642032943797144,0.5592609237636861,0.5521528441479686,0.5675167007921242,04-09-2018,0.5521528441479686
0.5471544482067315,0.5413393889496435,0.5370969536884185,0.5355568829593694,0.5241049823168085,05-09-2018,0.5355568829593694
0.5466457701447511,0.5501363073144053,0.5405793003352918,0.5359814271275521,0.5075593059088744,06-09-2018,0.5359814271275521
0.5231652355674067,0.5398365033612215,0.5244377031059222,0.5451788963007885,0.9765396096599172,10-09-2018,0.5451788963007885
0.5358007803145889,0.5317610001366142,0.5296611616234899,0.5329290519506772,0.6240132916933809,11-09-2018,0.5329290519506772
0.5398091654777065,0.5528013983745237,0.5401081401113675,0.555366907216495,0.6822954368403273,12-09-2018,0.555366907216495
0.5531975456177706,0.5578110170025974,0.5534843516450132,0.5531837295330504,0.42893287281200637,13-09-2018,0.5531837295330504
0.5547032754101897,0.5624799555139453,0.5562292326090439,0.5647867636951689,0.45825319021323224,14-09-2018,0.5647867636951689
0.5573077050528169,0.5695735915220772,0.5595272292226043,0.5640590175864161,0.46666390905393157,17-09-2018,0.5640590175864161
0.5379168993648376,0.5678302542587448,0.5438977381793786,0.5725085688295938,0.5636836190909529,19-09-2018,0.5725085688295938
0.5848169922628806,0.579813284059419,0.5701790010227457,0.5711137800687287,0.49850054807553085,20-09-2018,0.5711137800687287
0.5728936069760323,0.568992459730441,0.5743578038890752,0.5726703173640592,0.3400136501830362,21-09-2018,0.5726703173640592
0.5744806804946988,0.5738417966124333,0.5706911072088893,0.5738427188194867,0.32570853412201034,24-09-2018,0.5738427188194867
0.5775734207297047,0.5770479645574852,0.5766725340925679,0.5764907822922984,0.3008003970962336,25-09-2018,0.5764907822922984
0.5814597292620837,0.595663725414034,0.5861157414386845,0.5938548352536892,0.5325432772848544,26-09-2018,0.5938548352536892
0.6038211965196183,0.5978077940945107,0.5979966438772858,0.5896906994137863,0.5784506352850338,27-09-2018,0.5896906994137863
0.6059576810047564,0.6015750373220594,0.5821008473751413,0.5765514230846979,0.8014312010092861,02-10-2018,0.5765514230846979
0.584348986064024,0.5770479645574852,0.5665738144407896,0.563978144329897,0.5430084176128723,03-10-2018,0.563978144329897
0.5652634360463268,0.5558071695513679,0.5381007227817548,0.5377602324641197,0.6684246447850095,04-10-2018,0.5377602324641197
0.5053818077916157,0.503226232469581,0.4793723587252868,0.4745502284212655,0.9206427995284482,08-10-2018,0.4745502284212655
0.4865200476352182,0.5012423814120672,0.4881805912722306,0.4992924762482312,0.8232921759632685,09-10-2018,0.4992924762482312
0.5055649237550797,0.4987175757043146,0.4768528044831593,0.4873256620173843,0.8753214342343831,10-10-2018,0.4873256620173843
0.491159189525767,0.4921850129748319,0.4794338094191992,0.4779260076814232,0.554914410594748,11-10-2018,0.4779260076814232
0.4982196430607667,0.4916639925990376,0.4855381069643317,0.4911663614311704,0.4882973809573051,12-10-2018,0.4911663614311704
0.4942722972303746,0.4942489738457509,0.4907206174712554,0.4928037113402063,0.419260546145202,15-10-2018,0.4928037113402063
0.5077828150425449,0.5225032349311712,0.5064934818592035,0.5271679725085912,0.6485836211591625,16-10-2018,0.5271679725085912
0.5417624729580132,0.5331637173986443,0.5137858698530386,0.5174449140893471,0.5885434978938732,17-10-2018,0.5174449140893471
0.5150874259084461,0.5097186781730899,0.5080503051493275,0.5015362927026482,0.3655698262014572,18-10-2018,0.5015362927026482
0.5112214848456688,0.5070335306038322,0.4885902700758712,0.493632504548211,0.6381805271176741,19-10-2018,0.493632504548211
0.4975685208984462,0.4914034824111406,0.4867261953646096,0.4955528845765111,0.3779170372208776,22-10-2018,0.4955528845765111
0.6538140906940351,0.6623317080741169,0.6381252764297981,0.644936337174045,0.9905000241291116,29-10-2018,0.644936337174045
0.6353389319688794,0.6437760606372573,0.6294399759970504,0.6349302486355368,0.6210281759081162,30-10-2018,0.6349302486355368
0.64378297558948,0.651991847210383,0.6434511930562399,0.6499292642005257,0.5174522415944514,31-10-2018,0.6499292642005257
0.6554215316823032,0.6636943083101732,0.6549838346103172,0.6639983808368709,0.543360013236541,01-11-2018,0.6639983808368709
0.6665717141066679,0.6664195729054045,0.6676430851928133,0.6683040307256924,0.5301165780783574,02-11-2018,0.6683040307256924
0.6599792667705248,0.6559193701801656,0.6455815732264198,0.6581766606023854,0.5317022054007844,05-11-2018,0.6581766606023854
0.6570696424989827,0.6656179858325739,0.657769661536567,0.6574893834647262,0.4580670513536429,06-11-2018,0.6574893834647262
0.6657578414157729,0.6703871527857375,0.6674177256961142,0.6718415281989085,0.5002309500665273,07-11-2018,0.6718415281989085
0.6762569647538967,0.6832117644505213,0.6830677194226086,0.6783909318779059,0.4806656877141456,08-11-2018,0.6783909318779059
0.6772743208778573,0.6760380166251366,0.6764922944283477,0.6765918940772188,0.3433434675601329,09-11-2018,0.6765918940772188
0.6759924419881056,0.6675817783771008,0.6459912192552646,0.6377198281786942,0.4703797922138802,12-11-2018,0.6377198281786942
0.6450444870096301,0.657402259374872,0.6498013220549688,0.6527794845360825,0.3674587909246963,13-11-2018,0.6527794845360825
0.6644556581324991,0.6622314776284537,0.6599409876689664,0.6634323832625836,0.3393104589356991,14-11-2018,0.6634323832625836
0.6637027637329619,0.665177137389456,0.6638125411625829,0.6724075237517689,0.3107278029409936,15-11-2018,0.6724075237517689
0.669522071282701,0.6794445813383961,0.6762669349316487,0.6842732929047909,0.48862829448546374,16-11-2018,0.6842732929047909
0.6922091006387521,0.7015870716283125,0.6921627314337928,0.6825753001819286,0.6611652292610287,19-11-2018,0.6825753001819286
0.6625226570804267,0.6676218332838033,0.6525666462979502,0.6704871437234688,0.5436771387010265,20-11-2018,0.6704871437234688
0.6833784576216219,0.6742345659421147,0.66045309385511,0.6516878956943603,0.31494005639318023,21-11-2018,0.6516878956943603
0.6474657986540812,0.6429745336798502,0.6361792483413554,0.62670302607641,0.281559154240174,23-11-2018,0.62670302607641
0.6284412269277417,0.6604480854584188,0.6350526393129365,0.6674752375176877,0.5428084906896099,26-11-2018,0.6674752375176877
0.6590636218424131,0.661930912533854,0.656561099130967,0.663270695370932,0.4301737985426015,27-11-2018,0.663270695370932
0.6711498166644912,0.6645760072002566,0.6703060107312383,0.6712552961390743,0.27638863036269473,28-11-2018,0.6712552961390743
0.6732048963820144,0.663013008192145,0.6648571947653963,0.6577117707701637,0.20421501106492088,29-11-2018,0.6577117707701637
0.6626854076090012,0.6712287947652706,0.6622147719102398,0.6765312532848192,0.3799025183898297,30-11-2018,0.6765312532848192
0.6996561556049937,0.7000841860398904,0.6903601074164437,0.6927228421265413,0.564483326784003,03-12-2018,0.6927228421265413
0.6916190178091568,0.7054544831822532,0.6903601074164437,0.6951688134222762,0.5751966522581399,04-12-2018,0.6951688134222762
0.6915376740829096,0.7028495055418242,0.687820081217419,0.7019607802708714,0.532495019061998,06-12-2018,0.7019607802708714
0.7179685658362871,0.7271160681185015,0.7019336949327403,0.6916717222559129,0.7854163650527737,07-12-2018,0.6916717222559129
0.6996561556049937,0.7000441311331878,0.6926543328882433,0.7061855548817466,0.44776736778970433,10-12-2018,0.7061855548817466
0.7198201621207446,0.712447950863993,0.7072186655969627,0.7094400848999395,0.42676125278346516,11-12-2018,0.7094400848999395
0.7188231714316733,0.7119269324920465,0.7173173852487411,0.7091166484738227,0.33839355270142624,12-12-2018,0.7091166484738227
0.7203084727131233,0.7230082048896506,0.7205743723989152,0.7297149969678594,0.4996380633285763,13-12-2018,0.7297149969678594
0.7301768393238159,0.723869845266747,0.7156171578875237,0.7073175480088943,0.42874673395241714,14-12-2018,0.7073175480088943
0.7037255801008366,0.6994830558506909,0.6737269087326238,0.6723671174449162,0.520878575417261,17-12-2018,0.6723671174449162
0.6804077960520667,0.671128566323455,0.6528534544401371,0.6493430341621186,0.48130683267495317,18-12-2018,0.6493430341621186
0.654078613459826,0.6620311429795172,0.6447621521179715,0.6411360440671116,0.5622565545007686,19-12-2018,0.6411360440671116
0.6326123626194338,0.6285268115911127,0.6081568121745519,0.6055791489791794,0.6172502464616383,20-12-2018,0.6055791489791794
0.6129774016352649,0.6148605559429481,0.6093244286179323,0.6144531817262989,0.5445113165532598,21-12-2018,0.6144531817262989
0.6050420360766448,0.5968860423015722,0.5740096065057183,0.5651708409136852,0.3751318483588754,24-12-2018,0.5651708409136852
0.5775734207297047,0.6218740220222513,0.5717358222644447,0.6272286153224177,0.5545972851302625,26-12-2018,0.6272286153224177
0.6179421035896179,0.6122555783025192,0.5869146578154396,0.6070952193248433,0.5830006962972155,27-12-2018,0.6070952193248433
0.6245752858649645,0.6404496658528265,0.6215535284398906,0.6429553163533456,0.6770283965171351,28-12-2018,0.6429553163533456
0.6544652148910678,0.6464010947868255,0.6355852502307735,0.6407923751768749,0.4263131407140835,31-12-2018,0.6407923751768749
0.5899851776502993,0.598148476215084,0.581383886423992,0.5949464220739843,0.7955781679799797,02-01-2019,0.5949464220739843
0.5918164064651551,0.5866664082772172,0.578475158109917,0.5752172730948051,0.47201367775916364,03-01-2019,0.5752172730948051
0.5897816942172336,0.6038995083808754,0.5894342427839383,0.6102486395795433,0.5015821803065085,04-01-2019,0.6102486395795433
0.6217673727892716,0.6414515895784413,0.6202015599147727,0.6451586638366689,0.5124127043218684,07-01-2019,0.6451586638366689
0.6629499283400799,0.6560196006258286,0.6391904347643046,0.645947050737821,0.4749987935444283,08-01-2019,0.645947050737821
0.6498057055309174,0.6549976183872271,0.6483059494587573,0.6523751748534466,0.3663764279263439,09-01-2019,0.6523751748534466
0.6475675098499303,0.6587849201277626,0.648961461764419,0.6653931695977362,0.40936071642778826,10-01-2019,0.6653931695977362
0.663214451105871,0.6648365173881537,0.6632594255130531,0.6700222559126745,0.33922773055365946,11-01-2019,0.6700222559126745
0.6638045359701784,0.6529937709359976,0.6534884620141056,0.644026670709521,0.35358110483754174,14-01-2019,0.644026670709521
0.6487883494069566,0.6656179858325739,0.6545126743863927,0.6643015827774411,0.40937450449146157,15-01-2019,0.6643015827774411
0.6686878331569164,0.6720303217226777,0.6729484970875619,0.6675762846169396,0.3152778639531755,16-01-2019,0.6675762846169396
0.6715974553937463,0.6710283979970629,0.6742799608809867,0.6701233030119265,0.24530344081128952,17-01-2019,0.6701233030119265
0.5873807480076719,0.5838610338685807,0.5746241093479936,0.5723064746310896,0.8237127119053036,22-01-2019,0.5723064746310896
0.5623130788702935,0.5568090932769826,0.5463353677222714,0.5494036709116636,0.8556527614044519,23-01-2019,0.5494036709116636
0.5430443518477649,0.5551659243400423,0.541398657942573,0.5573276935516477,0.5441941910887743,24-01-2019,0.5573276935516477
0.5661587155395489,0.5648645379886031,0.5624359575366793,0.5685061835455834,0.4916203043025651,25-01-2019,0.5685061835455834
0.5631473190307904,0.5627404636979949,0.5587488175775425,0.5671720335556903,0.43465491923641686,28-01-2019,0.5671720335556903
0.5679492094152013,0.5649447099212794,0.5670449132119715,0.5693551465534669,0.3104520416675282,29-01-2019,0.5693551465534669
0.5784890656578164,0.5858648813198101,0.5807488788500234,0.5922174833232263,0.7674298359909826,30-01-2019,0.5922174833232263
0.5796081329776261,0.5909947267872627,0.571551472231132,0.5886799858500101,0.8583552218844146,31-01-2019,0.5886799858500101
0.5886015875646984,0.6000922102466241,0.5910115073045883,0.5991711966848596,0.4939504870633491,01-02-2019,0.5991711966848596
0.6039840080895603,0.5984890962163865,0.5876930694605016,0.6005458156458461,0.49868668693511997,04-02-2019,0.6005458156458461
0.6029869563591215,0.6127965950720292,0.6089352238196138,0.6176470709520923,0.4566813509544783,05-02-2019,0.6176470709520923
0.6174334255276376,0.6164034964380728,0.6158384049667056,0.6092985668081666,0.3391863663626395,06-02-2019,0.6092985668081666
0.6046350692105135,0.5972868358379876,0.5899872949323011,0.5896705275924804,0.4413628122134667,07-02-2019,0.5896705275924804
0.5914704789317493,0.5827589418165738,0.5807693835817166,0.5862138427329696,0.39473158087044036,08-02-2019,0.5862138427329696
0.6011760950138674,0.6051018288746979,0.6053504805166087,0.6004447058823531,0.48335436013043476,11-02-2019,0.6004447058823531
0.6105357835625796,0.604280243404304,0.6035478564992596,0.5983626399838288,0.37221567289197716,12-02-2019,0.5983626399838288
0.6027021291998086,0.5933793092619206,0.5952517608648303,0.591004675560946,0.34629411318621445,13-02-2019,0.591004675560946
0.5844507583012405,0.5813962794612464,0.5858904454431524,0.5821103476854661,0.3503753800335049,14-02-2019,0.5821103476854661
0.5867296258453514,0.5838610338685807,0.5918308649118696,0.590418445522539,0.2610356214624997,15-02-2019,0.590418445522539
0.5909211290066452,0.5909546718805601,0.5950469060998245,0.5858904689710936,0.2792013953520436,19-02-2019,0.5858904689710936
0.5865465098818874,0.5804544691553211,0.5817935959540037,0.5796644390539722,0.4842092200781781,20-02-2019,0.5796644390539722
0.5812562458290181,0.5743226999622538,0.5643819856251219,0.55676169597736,0.6060336566634265,21-02-2019,0.55676169597736
0.5663621358965348,0.5608167881794417,0.5676594775069893,0.5637962219526987,0.3875893638876822,22-02-2019,0.5637962219526987
0.5733208802703977,0.5736413998442255,0.577696746464855,0.5720032120477058,0.4486635919284673,25-02-2019,0.5720032120477058
0.5617433614755879,0.5718580076741906,0.5608381882843361,0.5701637052759249,0.5835108546531267,26-02-2019,0.5701637052759249
0.5811952064962926,0.6004929436676159,0.584968629726997,0.604285405296139,0.762852198851454,27-02-2019,0.604285405296139
0.6160702029116383,0.6079072032833344,0.6059854880905772,0.6146755710531636,0.7171309797108644,28-02-2019,0.6146755710531636
0.5297170110404261,0.5307791349239863,0.5313818937164004,0.5264604608853851,0.7043632327494087,06-03-2019,0.5264604608853851
0.534518901424837,0.5371714123011032,0.5310950835257889,0.5271679725085912,0.6427995284482224,07-03-2019,0.5271679725085912
0.5305919230640467,0.5389548044711382,0.534454530833262,0.5424297857287246,0.5998566041377977,08-03-2019,0.5424297857287246
0.5440413405021239,0.5503567024801762,0.5438977381793786,0.5561350576106732,0.5014580877334488,11-03-2019,0.5561350576106732
0.5500844379131629,0.5439243681925092,0.5450448519394906,0.5408530119264202,0.5091656153268115,12-03-2019,0.5408530119264202
0.5448145413298954,0.5517794161359222,0.5484042971985391,0.5521730159692745,0.46370636939601356,13-03-2019,0.5521730159692745
0.5622113676744445,0.5585925475662887,0.5598549853754353,0.5541944430968264,0.4815412297573989,14-03-2019,0.5541944430968264
0.528740326779589,0.5238457786580883,0.5168585069699003,0.5128158277744088,0.7006059853984404,18-03-2019,0.5128158277744088
0.5114452726722565,0.5143275032647482,0.5089925620960091,0.5087325672124521,0.8053676931880069,19-03-2019,0.5087325672124521
0.5159012965646289,0.5176739545583184,0.514810082225326,0.5211239256114818,0.46808407961227955,20-03-2019,0.5211239256114818
0.5218223173449296,0.5206396708284601,0.5192142445883546,0.5219728906407924,0.4018255396303419,21-03-2019,0.5219728906407924
0.5217815844404383,0.5133255795391335,0.5100987298939018,0.5027895674145948,0.594755020578685,22-03-2019,0.5027895674145948
0.4955948459485379,0.4940485770775433,0.4905567721696358,0.4944815302203355,0.6960559243862589,25-03-2019,0.4944815302203355
0.5052190572630412,0.5082358510976547,0.5109795381950957,0.5093389710935922,0.4986039585530802,26-03-2019,0.5093389710935922
0.5139886629821583,0.5184754815157254,0.5186611309872495,0.5236102425712554,0.5970714152757955,27-03-2019,0.5236102425712554
0.5311006011260271,0.5284145488430441,0.5328362568492255,0.5312714675560948,0.45883918291934656,28-03-2019,0.5312714675560948
0.5342340742655242,0.5280739288417418,0.5316071897119325,0.533778016979988,0.40487270170213635,29-03-2019,0.533778016979988
0.5422101116872682,0.5461887258316359,0.5454955074317217,0.5526177339801902,0.5509641303523539,01-04-2019,0.5526177339801902
0.5537672630124763,0.5466696291814565,0.5508214240581635,0.5459470487163938,0.3695476825711979,02-04-2019,0.5459470487163938
0.5517732836690459,0.5601555445705527,0.557560757855211,0.5579340974327877,0.5385204028872204,03-04-2019,0.5579340974327877
0.5162471630566674,0.5199383121974449,0.5144208753785826,0.5238730361835456,0.8906951252300882,05-04-2019,0.5238730361835456
0.5321789945480009,0.5300777762929713,0.5232905893458102,0.5203153668890238,0.7095268625950515,08-04-2019,0.5203153668890238
0.5198893162928571,0.5177340679780077,0.5215903619845927,0.5185162684455227,0.39885421190875026,09-04-2019,0.5185162684455227
0.5302459934959285,0.5245070823824006,0.528309256599539,0.5260966201738428,0.4786388423541738,10-04-2019,0.5260966201738428
0.5130730180540466,0.5087167544474751,0.5133762217757692,0.5106529472407519,0.66992064969356,11-04-2019,0.5106529472407519
0.5169796920213152,0.5116223572979274,0.5158957452915257,0.5091975176874874,0.45690195997325095,12-04-2019,0.5091975176874874
0.513744507685969,0.5054705315957206,0.4990986992576612,0.5065292197291288,0.6838948522264274,15-04-2019,0.5065292197291288
0.5078845262383939,0.5177340679780077,0.5115735977584202,0.5206387406508995,0.4932266137205019,16-04-2019,0.5206387406508995
0.5261969364696872,0.5173132780478766,0.5193985966700921,0.516333153426319,0.34525311437888206,17-04-2019,0.516333153426319
0.5190347717388383,0.5174134443704214,0.5218771721752044,0.5204366484738226,0.39694456509000126,18-04-2019,0.5204366484738226
0.5144973410441387,0.5070735855105348,0.506985146814821,0.4991914291489793,0.8292555135019611,22-04-2019,0.4991914291489793
0.4964901254417601,0.4988979139595355,0.4931992257511635,0.5015160582171013,0.7463065224435205,23-04-2019,0.5015160582171013
0.5040185851756166,0.4983368386770385,0.4978081814264558,0.4909238002829998,0.7313878375490338,24-04-2019,0.4909238002829998
0.4596821890157093,0.4560356189815843,0.4547912617903947,0.4505558965029311,0.6443231094841195,30-04-2019,0.4505558965029311
0.4531507789775794,0.4475994071849761,0.4435249256952358,0.4410956033959976,0.7297953161947701,01-05-2019,0.4410956033959976
0.4758785107174378,0.4843700199381217,0.4783481463529995,0.48421264604811,0.7387230874232176,06-05-2019,0.48421264604811
0.4896738272029495,0.4820856037860083,0.4713835145119953,0.4674752334748333,0.6902925137708286,07-05-2019,0.4674752334748333
0.4696115929244152,0.4688402021910933,0.4695399138060556,0.4629876612088135,0.41763355463175494,08-05-2019,0.4629876612088135
0.4595601103502586,0.4549735517785683,0.4546683604025697,0.4572063796240146,0.45451662495777395,09-05-2019,0.4572063796240146
0.4549820077924352,0.4515870736321599,0.4527838137344108,0.4522336850616535,0.4749850054807551,10-05-2019,0.4522336850616535
0.4392333248199617,0.4325104378810654,0.4291859524832154,0.4269456135031332,0.7387851337097473,13-05-2019,0.4269456135031332
0.4337192709057924,0.4365782462032139,0.4363554390892256,0.4376591833434405,0.49181333719399084,14-05-2019,0.4376591833434405
0.4337599732895999,0.432450324461376,0.4307222710416462,0.4369314675560947,0.49481913507476555,15-05-2019,0.4369314675560947
0.4341058703023221,0.4295647801239107,0.4332828019723641,0.4296139114614918,0.5077316567047905,16-05-2019,0.4296139114614918
0.3737562989248341,0.3674054241713824,0.3559547678646828,0.3534061148170609,0.9664122768918948,24-05-2019,0.3534061148170609
0.3561967220517105,0.3574262718796495,0.3541111978851143,0.3495047442894684,0.7028051815543284,28-05-2019,0.3495047442894684
0.3478544201476426,0.3521962280280931,0.3483550977233389,0.3518496078431373,0.8169496666735607,29-05-2019,0.3518496078431373
0.3512116831484395,0.3519357198440435,0.3524110012502682,0.3485344673539519,0.5382860058047748,30-05-2019,0.3485344673539519
0.3437849956517997,0.3472467228197088,0.3464296050929606,0.342348906407924,0.7092717834170957,31-05-2019,0.342348906407924
0.3446192052916126,0.3407542470584881,0.3318653031106123,0.3298362664240954,0.892494467539451,03-06-2019,0.3298362664240954
0.3356461466601136,0.3553823394640056,0.3372321677476981,0.3594097554073176,0.9437240181175154,04-06-2019,0.3594097554073176
0.3714163615273141,0.3700104318695232,0.3623048968634118,0.365453802304427,0.9232694256582074,05-06-2019,0.365453802304427
0.3949579964787514,0.4013906889673191,0.3974558429476352,0.398382868405094,0.7215638421818231,10-06-2019,0.398382868405094
0.4130465863280611,0.4093259088434083,0.4066532802928977,0.4069132929047908,0.7952265723563112,11-06-2019,0.4069132929047908
0.3952225192445424,0.3973028241360314,0.3943832058307737,0.4004649363250454,0.5549557747857679,13-06-2019,0.4004649363250454
0.3969927087266729,0.400809557175683,0.4003031512941687,0.4025065655953103,0.5042915348183078,14-06-2019,0.4025065655953103
0.4055995333965318,0.4215493903189928,0.4082305755399189,0.4229431958762886,0.8409546855287378,17-06-2019,0.4229431958762886
0.4325391337325736,0.4370591796107462,0.4252120043818917,0.4223569941378614,0.8684618725569275,18-06-2019,0.4223569941378614
0.4251938225175769,0.4230923608718293,0.4221393672650302,0.4257731817262987,0.44512005956443473,19-06-2019,0.4257731817262987
0.4209005776397504,0.4213489935507851,0.4124913031054831,0.4120072670305235,0.8097040392132531,20-06-2019,0.4120072670305235
0.407105230633555,0.4118908315771346,0.4107501297820464,0.416535275924803,0.5572859575465517,21-06-2019,0.416535275924803
0.4213889187528128,0.4192650062284386,0.4220574425657957,0.4201334121689913,0.3882925551350194,24-06-2019,0.4201334121689913
0.423728825629649,0.4182229955345621,0.4189233547550217,0.4122902668283809,0.41802651444644356,25-06-2019,0.4122902668283809
0.4154271976234171,0.4220102672173858,0.4160760464084881,0.4112997857287245,0.5783196486801375,26-06-2019,0.4112997857287245
0.4136773430554922,0.4133336037458672,0.4145397278500574,0.4185162644026683,0.42889150862098663,27-06-2019,0.4185162644026683
0.4168108161949893,0.4178823454755479,0.4216067870735646,0.419769571457449,0.4641682695290684,28-06-2019,0.419769571457449
0.4355708671902499,0.4337728717945774,0.432832146480133,0.427269047907823,0.5597609149759053,01-07-2019,0.427269047907823
0.4328850307452957,0.4258576503160515,0.4245155461140107,0.4219729189407722,0.6301489800279896,02-07-2019,0.4219729189407722
0.4542495093484712,0.4507454617103385,0.4496906739342809,0.4428946715180918,0.9708589274265267,03-07-2019,0.4428946715180918
0.4444422125911876,0.4384818952703396,0.442091034519308,0.4392561269456237,0.47894217975498593,05-07-2019,0.4392561269456237
0.4376666167361846,0.4320695894379475,0.4377074076143437,0.4336769678593087,0.3972341144271401,08-07-2019,0.4336769678593087
0.4330478117945538,0.4295647801239107,0.4348805712247073,0.4331109723064484,0.41862629521623135,09-07-2019,0.4331109723064484
0.4435876069958014,0.4454753328943677,0.4468843402279129,0.4510208166565596,0.6223380419570775,10-07-2019,0.4510208166565596
0.4517061190385694,0.4506051783618202,0.4523331582421798,0.45037397614716,0.5098757006059854,11-07-2019,0.45037397614716
0.4549820077924352,0.4583801164918279,0.4603425071871643,0.4634728158479887,0.6261159714035559,12-07-2019,0.4634728158479887
0.4717683838377874,0.4764948834240102,0.4708918823311737,0.4804932282191227,0.7501809683357118,15-07-2019,0.4804932282191227
0.4744135158642221,0.4747114611962634,0.4771805299096189,0.4782292399434001,0.5536252266412965,16-07-2019,0.4782292399434001
0.4873746227099207,0.484289850009293,0.4882830186547336,0.4832423711340207,0.6650120990258731,17-07-2019,0.4832423711340207
0.4861131112897707,0.4791600045418404,0.4852923041886818,0.4805740711542349,0.32029671913024854,18-07-2019,0.4805740711542349
0.4874153250937281,0.4875961842768894,0.4908844955476708,0.4899534930260765,0.4777495122472471,19-07-2019,0.4899534930260765
0.4936415405029435,0.4919846162066242,0.4900036872464769,0.4848999252071964,0.463547806663771,22-07-2019,0.4848999252071964
0.4894907092047734,0.4886382250284777,0.4906386948204456,0.4939761734384475,0.3381246854597972,23-07-2019,0.4939761734384475
0.4944961460983297,0.4998397242654606,0.4981359375792867,0.5034970790378007,0.7551929294809483,24-07-2019,0.5034970790378007
0.4288766455821781,0.4280819229907637,0.4245769968079232,0.4290276794016576,0.6831434027562339,26-07-2019,0.4290276794016576
0.4292225425949003,0.4394637905406792,0.4323200402939894,0.4446533333333334,0.631134826580629,29-07-2019,0.4446533333333334
0.4410442166858996,0.4543323366249545,0.4449178401825731,0.457772377198302,0.550867613906641,30-07-2019,0.457772377198302
0.46159482259818,0.4609850941322568,0.4540743008392452,0.456458461693956,0.6245786023039854,31-07-2019,0.456458461693956
0.4608826611031341,0.4566367491707837,0.4440780085699699,0.4407721972912877,0.5612431318207827,01-08-2019,0.4407721972912877
0.4378904371181683,0.4401250642072799,0.438874993331353,0.4417626763695169,0.41239409043590947,02-08-2019,0.4417626763695169
0.4343296906843057,0.4303061936616283,0.4318079341078459,0.4295937072973519,0.47636381184808285,05-08-2019,0.4295937072973519
0.4389688325748545,0.432570551300755,0.4317464834139334,0.4345057610673135,0.37542829172785086,06-08-2019,0.4345057610673135
0.4280220705074756,0.4347146821005027,0.4318489107964363,0.4399029674550233,0.32112400295064536,07-08-2019,0.4399029674550233
0.4441980267743147,0.4471986437062725,0.4458806018609478,0.4497675419446129,0.35544249343343437,08-08-2019,0.4497675419446129
0.4474535785792624,0.4455154198626295,0.448256782758353,0.4431170305235497,0.2605737213294449,09-08-2019,0.4431170305235497
0.4412273631700472,0.4391231404816651,0.4378917576476563,0.4309884677582374,0.3133613231025898,12-08-2019,0.4309884677582374
0.4327222517307496,0.4395840173800581,0.4354336540994414,0.4430968263594098,0.3260601297456789,13-08-2019,0.4430968263594098
0.4376055794381714,0.4305667038495254,0.4131877593249393,0.4120072670305235,0.651079260684026,14-08-2019,0.4120072670305235
0.4165462954639107,0.4106484561766096,0.402658858186252,0.4039619951485749,0.5543559940159802,15-08-2019,0.4039619951485749
0.4080005101267771,0.4120110864703777,0.411815318842924,0.4126541378613301,0.3433227854646231,16-08-2019,0.4126541378613301
0.4233625937027211,0.4232125877112082,0.423450357053133,0.4265817707701638,0.3578760866717681,19-08-2019,0.4265817707701638
0.4303009380515863,0.4257374234766726,0.4292678751340252,0.4246209844350112,0.2762231735986155,20-08-2019,0.4246209844350112
0.4188862023407468,0.4139748489571928,0.4150518340362009,0.4144532080048515,0.5291720957167377,21-08-2019,0.4144532080048515
0.4204936412943029,0.4183432223739409,0.4163218471357133,0.4171214756418031,0.4440101204387359,22-08-2019,0.4171214756418031
0.4147354015632606,0.4098669556706301,0.4015322184314618,0.3953911340206186,0.5804843746768422,23-08-2019,0.3953911340206186
0.4017742947175619,0.3975433058686535,0.4026383534545588,0.4026682838083687,0.34011016662874916,26-08-2019,0.4026682838083687
0.4061285768934017,0.4051178472304534,0.4036420938699487,0.4008085748938751,0.36522512460962514,27-08-2019,0.4008085748938751
0.4019574106810257,0.4020118776695054,0.4042156507500047,0.4038609177279159,0.21419756916437413,28-08-2019,0.4038609177279159
0.4127617286480645,0.4143355274714819,0.4158711916434822,0.4162320739842329,0.34890695125230076,29-08-2019,0.4162320739842329
0.433414045756194,0.432450324461376,0.4285919236462621,0.4241156276531231,0.6343957036393594,30-08-2019,0.4241156276531231
0.4230980709369301,0.425456886837348,0.4264410715191847,0.4229027592480291,0.36094393083907245,03-09-2019,0.4229027592480291
0.4288156062494527,0.42447502162472,0.4183497999233904,0.4141499757428745,0.3889957463823566,04-09-2019,0.4141499757428745
0.4198832215157896,0.4271601691939777,0.4217092144560676,0.4321406953709319,0.5016649086885481,05-09-2019,0.4321406953709319
0.4294463629768838,0.4268395455863911,0.4305583929652307,0.4278350454821104,0.28064914203773755,06-09-2019,0.4278350454821104
0.4351435633752007,0.4350953890700668,0.438874993331353,0.4366080311299778,0.3229302392918447,09-09-2019,0.4366080311299778
0.4367713392776747,0.4386622335255604,0.4382809624459749,0.444188382858298,0.3285144050795225,10-09-2019,0.444188382858298
0.4501597499384225,0.4639708368538259,0.4527428370458203,0.4675561067313524,0.6841844015635664,11-09-2019,0.4675561067313524
0.4711579640592742,0.474651347776574,0.4699495926096963,0.4650697291287649,0.5834212322392506,12-09-2019,0.4650697291287649
0.4696522973429348,0.4645319121363228,0.4709123542880709,0.4637153769961594,0.3581173777860505,13-09-2019,0.4637153769961594
0.4676989593419445,0.4624879797206789,0.4633331888784202,0.458884168182737,0.31778729154171226,16-09-2019,0.458884168182737
0.4605164271414939,0.4588209649349458,0.4616944429374865,0.4628865837881545,0.25831247888702724,17-09-2019,0.4628865837881545
0.4656642470940229,0.4639708368538259,0.4657912924266352,0.4602587527794624,0.27932548792510303,18-09-2019,0.4602587527794624
0.4676989593419445,0.463509959955433,0.4708509035941585,0.4665453931675763,0.32245455109511684,19-09-2019,0.4665453931675763
0.4686959785169873,0.4615261409594786,0.4571674426877999,0.4544572367091167,0.4298084148552596,20-09-2019,0.4544572367091167
0.4554906858544155,0.4579793229554126,0.4593387667717744,0.4556903092783505,0.2910453420473894,23-09-2019,0.4556903092783505
0.4585834566101053,0.4515870736321599,0.4253144317643947,0.4192642146755609,0.8805746864939024,24-09-2019,0.4192642146755609
0.4240747246770834,0.4255170002570374,0.4166086265999538,0.4303618293915505,0.6417378475453798,25-09-2019,0.4303618293915505
0.4364864815976778,0.4542321382408507,0.4351263719519325,0.4583788114008491,0.8111517858989472,26-09-2019,0.4583788114008491
0.4599670466957062,0.4650529325121169,0.4583350284048093,0.4575096118859916,0.7581987273617228,27-09-2019,0.4575096118859916
0.46159482259818,0.4555747120254796,0.4529681658161482,0.4549625934910047,0.3971858562042837,30-09-2019,0.4549625934910047
0.4585427542262978,0.4595222935082491,0.4591544167384618,0.4626844592682435,0.41668217823829884,01-10-2019,0.4626844592682435
0.4621848749070916,0.4569172858101085,0.4597689195807371,0.4595310390135436,0.3800610811220724,02-10-2019,0.4595310390135436
0.4384194521290666,0.4371393214857107,0.436498843160319,0.4358803173640591,0.5430084176128723,04-10-2019,0.4358803173640591
0.4347366270297532,0.4447138628475107,0.4374820788440158,0.4485951101677785,0.5477790876438268,07-10-2019,0.4485951101677785
0.4470873140969386,0.4554945701505151,0.4496701999289589,0.453305039417829,0.5901084431207902,08-10-2019,0.453305039417829
0.4581765202646577,0.4622274995904936,0.4622679998175424,0.4623610248635538,0.4671327032188232,09-10-2019,0.4623610248635538
0.4662339644887287,0.4661951095285382,0.4641730512173947,0.4627855366889024,0.4250032746651223,10-10-2019,0.4627855366889024
0.4700388662187807,0.4698020409522935,0.4748863044378195,0.4691530200121286,0.5761273465560863,11-10-2019,0.4691530200121286
0.4715649004047218,0.4847707533591134,0.4755418146950565,0.4874873478876087,0.6953665212025949,14-10-2019,0.4874873478876087
0.4915051170591729,0.4876763562095656,0.4898602831753835,0.4893673236304832,0.4353098522608976,15-10-2019,0.4893673236304832
0.490874362366454,0.4918844478802323,0.495595909331837,0.493127147766323,0.45263455426637134,16-10-2019,0.493127147766323
0.501271711432649,0.497254745022595,0.5022532897517038,0.4976147180109159,0.3206276326584074,17-10-2019,0.4976147180109159
0.4976092538029374,0.4932871050268387,0.4918677619577387,0.4874671760663029,0.388223614816653,18-10-2019,0.4874671760663029
0.4927869349075572,0.4866744324839508,0.4817894855849112,0.4804932282191227,0.33793165256837143,21-10-2019,0.4804932282191227
0.4846277794876369,0.4843299049159955,0.4831619567932977,0.4846978006872852,0.3090111890136706,22-10-2019,0.4846978006872852
0.4849940134492772,0.4799415351055316,0.4841861691655849,0.4828784980796442,0.35453248123099795,23-10-2019,0.4828784980796442
0.6182472982185326,0.6165237232774516,0.6140562856810496,0.6072771396806147,0.8662902525283862,29-10-2019,0.6072771396806147
0.6040246799526839,0.6054825659019738,0.604264817450409,0.6048312310491208,0.6565393338986437,30-10-2019,0.6048312310491208
0.6042281633857496,0.6059033558321049,0.6104715423780446,0.6046493086719225,0.3411511654360818,31-10-2019,0.6046493086719225
0.610779938858769,0.6008536822973285,0.6039165586143097,0.6013947806751568,0.4319386706927809,01-11-2019,0.6013947806751568
0.6076871375823957,0.6117946713464144,0.602810454317584,0.6098039235900548,0.5976091497590533,04-11-2019,0.6098039235900548
0.617494464860363,0.6149407278756244,0.6168626173389928,0.6092985668081666,0.4705107788187763,05-11-2019,0.6092985668081666
0.6141982411922915,0.6213730601594439,0.613544179494906,0.6282190964220742,0.5392787463892507,06-11-2019,0.6282190964220742
0.6368649661548205,0.6509899234847681,0.6412388595088789,0.6463311279563373,0.9892108401756599,07-11-2019,0.6463311279563373
0.6477709932829959,0.642894361747174,0.650415824897244,0.6495654234889834,0.410243152502878,08-11-2019,0.6495654234889834
0.666999048442401,0.6663995143924177,0.6698758599707004,0.6656357307459068,0.6803168497032118,11-11-2019,0.6656357307459068
0.6730014129489488,0.6687640403579364,0.6740546648854546,0.6754194319789772,0.4991899512591948,12-11-2019,0.6754194319789772
0.6894825943653864,0.6807069551364845,0.6763898363194736,0.6676975641803115,0.5723149469504248,13-11-2019,0.6676975641803115
0.6713939719606805,0.6757173930175501,0.671739934681962,0.6742470305235498,0.43752283648045864,14-11-2019,0.6742470305235498
0.6806112794851323,0.6736333756374918,0.682903810619822,0.6799474691732363,0.323364563297553,15-11-2019,0.6799474691732363
0.6852504193409689,0.6743347342685069,0.6782744137140037,0.675540711542349,0.29519554921304597,18-11-2019,0.675540711542349
0.6828697795596415,0.6880410428195266,0.6817566989081345,0.6948049100464929,0.5243807435902739,19-11-2019,0.6948049100464929
0.6996561556049937,0.6904657423201583,0.6853824496261012,0.6800485162724885,0.45546110731939327,20-11-2019,0.6800485162724885
0.6884856057110273,0.6897443251761565,0.6944569569055924,0.6853244127754197,0.41305591749222687,21-11-2019,0.6853244127754197
0.6677518818005705,0.6571417491869748,0.6544307189607872,0.6479482433798263,0.8425196307556546,25-11-2019,0.6479482433798263
0.6493376993320608,0.6389668387773912,0.6393543435670912,0.6329492884576512,0.5397268584586323,26-11-2019,0.6329492884576512
0.6408936557114601,0.6358207842520288,0.6423655299900402,0.6377400626642411,0.3748354049898999,27-11-2019,0.6377400626642411
0.6408732882418583,0.6304705456226529,0.6401737011743724,0.6350111218920559,0.1618098212377542,29-11-2019,0.6350111218920559
0.6373939486103228,0.6407302345537105,0.6426113307172654,0.6449767434808976,0.4106085361902199,02-12-2019,0.6449767434808976
0.6439457240833423,0.6437961191502442,0.6497808173232755,0.647665275924803,0.4450235431187218,03-12-2019,0.647665275924803
0.6543838080887407,0.6436958887045812,0.6511327858483936,0.6412573256519103,0.3732773537948194,04-12-2019,0.6412573256519103
0.6443729973777078,0.6368027095800803,0.6396615949882288,0.6358803214069134,0.24860568206103936,05-12-2019,0.6358803214069134
0.6487883494069566,0.6456997361558106,0.6550657265347557,0.6470386395795432,0.5166318518058917,06-12-2019,0.6470386395795432
0.6520235337423028,0.6569012975120645,0.6557007341087243,0.6543966019809986,0.6138859589253584,09-12-2019,0.6543966019809986
0.658880503844237,0.6694854575019382,0.6643655933109459,0.6732160824742269,0.6004563849075856,10-12-2019,0.6732160824742269
0.6831343023254325,0.6824302940022536,0.6884960327051821,0.681018823529412,0.4673671003012691,11-12-2019,0.681018823529412
0.6893198438368118,0.6935516233104078,0.6928796923849423,0.6951283464726099,0.5270763100383997,12-12-2019,0.6951283464726099
0.7017925790487644,0.6985011285187921,0.6957679794684912,0.6925207499494644,0.444830510227296,13-12-2019,0.6925207499494644
0.7382953208459002,0.7391592113388653,0.739317446521222,0.7341620982413585,0.577602669369127,17-12-2019,0.7341620982413585
0.7416322794531751,0.7586366105686633,0.7489040599868566,0.7627855144532041,0.9653368079253789,18-12-2019,0.7627855144532041
0.8050135537676558,0.812319701821728,0.8091687426017554,0.8154841338184761,0.9100880367865538,23-12-2019,0.8154841338184761
0.8184019318730078,0.819252995968355,0.8146790092615098,0.8276733373761878,0.5471241546193459,24-12-2019,0.8276733373761878
0.8378334725001907,0.8353038340911776,0.8426604994660943,0.8391752617748132,0.7249350237499396,26-12-2019,0.8391752617748132
0.852259574199105,0.8389708488769106,0.8421688345104769,0.8380432686476653,0.6774902966501899,27-12-2019,0.8380432686476653
0.8396240294519228,0.8263265754673474,0.8076529287750178,0.8063473054376391,0.8595409953603165,30-12-2019,0.8063473054376391
0.7912182067614606,0.8108769296529953,0.792945191995205,0.8136850353749749,0.7009300048947625,31-12-2019,0.8136850353749749
0.8308950955959294,0.8297331401806072,0.8331557779248983,0.8378007074994948,0.6489765809738508,02-01-2020,0.8378007074994948
0.8633894522299478,0.8715333699593897,0.8706214849389856,0.8808166747523754,0.6904028182802148,06-01-2020,0.8808166747523754
0.9474637785917616,0.9384218058968194,0.939653423412238,0.9346068202951284,0.8852626281428168,10-01-2020,0.9346068202951284
1.0,1.0,1.0,1.0,0.9314250653209517,17-01-2020,1.0
